Distance_To_Transit_Hub_Meters,Renovation_Subsidy_Grant_USD,Quarterly_Net_Profit_Loss_USD,Building_Occupancy_Rate_Pct,Microclimate_Heat_Island_Index,Property_Valuation_USD
603.7770872811478,9076.767386275693,-16359.260539203928,96.07168302159897,1.883471753266825,1259701.7799220379
469.90764929754147,21560.46522820509,-19400.803903499167,99.1470721225211,6.738313596528851,626503.2674525082
280.6756948029791,2020.158353097196,-13590.981824366854,93.37708165886038,7.631795508410946,1487276.8553084028
171.65173331885597,0.0,-4207.344912753793,94.49744324345544,3.347045012634295,3895500.947758819
462.34355150683126,0.0,-11751.49102903718,94.76645967297947,3.2483941014515967,563786.7114707662
399.10517795385454,0.0,-7388.929914728182,99.48879893058282,6.376641614317622,563796.8932978967
579.0227594981295,12580.480220600826,43327.45413237788,95.03887331401512,8.323459764699324,4143842.67244894
306.48816917761104,0.0,-15187.53274909023,90.2250494762031,3.622779202195529,1696670.2334193771
712.971022179369,0.0,-7836.95557791823,78.29251414869931,-8.438901376929163,435207.48591681407
306.54816751698445,15523.802058339626,-16551.805966517662,84.87207380843797,0.017496366191801727,1324858.2730486467
171.0758130797946,3917.0963702777685,-18762.86480796979,77.31722564777273,0.4786182431689241,438116.6762014751
193.55244285567764,12066.62124874423,-17108.171690316805,87.34840570879614,2.640921018247603,437003.8443037197
373.71697353349003,6982.365520921226,-16317.044147994893,58.77766670153252,3.3533621617423117,951845.9645345409
181.2595101538776,16255.881431617247,-6536.9222817457085,97.07013016041167,-0.5210137506099812,100000.0
710.08829533101,2283.6994143156858,85654.521533702,79.88961954754046,6.1026073876801235,109380.77084020767
354.9360716824855,12690.189888563444,-17986.719061904583,86.87616006056746,-10.950013441464446,392968.1002992431
276.77068892583367,0.0,-15817.661176691558,59.120177525887264,5.917575181260814,239398.73011232214
291.7832818764693,4899.318091577119,-12378.092316267459,95.59556555861836,-1.02617985071344,1030620.9739319028
227.13646787259387,3702.1293550425835,-5923.376501802253,91.75267175934846,5.681749796316885,268652.36971023143
72.60917235778305,0.0,-8064.0183256802375,87.1910564576847,1.348712737955072,154270.97738456776
193.65040399872578,26205.60240155274,17433.19409604322,90.74943802344832,-1.6522246433731684,3657219.238902247
658.8928842348353,5046.942470860331,-23495.452998011486,96.33162983954783,7.1429959449180735,569005.8927972725
311.6953826509778,0.0,-23441.057295679744,42.52117888483483,5.3872816525772755,785661.2706531162
502.27747133711887,52561.676046782726,-16449.802635848595,84.88996016553534,5.200737570924837,152173.56070568901
510.86477765985546,12703.585507177706,10866.900903579743,95.65223169884338,3.0346529436396263,400784.43894930516
263.2571917887427,2314.7800557034293,-21735.320836293355,68.58318890085332,0.7611612068941191,824073.3720528039
403.0823248051739,7039.216196322473,-24108.29898244953,70.37747963722514,-8.634973890519277,205645.08320930644
79.12603876998587,0.0,-2661.621982074317,96.13533355725833,4.1340511482290045,1102695.0868577324
627.7356830996457,0.0,-8364.545644038586,75.86808802668787,-8.014839605208856,376735.05258978996
597.8956129605522,0.0,-19991.897229273825,89.96349467586705,0.20428373555278867,529208.0248520037
367.38982979940045,0.0,-19497.18884710998,72.10593897651721,6.003460055111586,376292.7562819776
318.8156824756704,27976.652298721998,-19418.40055981343,93.03642757264453,2.621811374109657,5595683.209291372
265.51232115356396,0.0,-10242.867772805092,79.40989086711924,6.701662805627736,718666.7604134026
537.0268165297086,0.0,-17396.862641388496,91.00698514513682,3.3448833409954286,227867.13073880825
431.5175269480575,16756.133001597125,-4159.415821382161,72.24116014645205,3.6038274911583645,1802705.9567135961
211.09094460406953,0.0,-23976.650854537223,95.37023939487722,1.2706324248039316,190436.10015693924
118.13499428057848,0.0,-18821.484437322913,69.74651840708036,-1.045803543671795,917813.9264011905
101.80911277203774,0.0,-20150.885280638755,88.77511098493345,2.2983054104735503,100000.0
533.6667076055674,0.0,-14392.745959739734,83.70523817870932,5.7170217336198625,169226.84064239907
261.7999230842533,0.0,-16768.224402537402,97.82693688790195,-6.029087011032075,905776.0413197107
363.6927124716719,9.804064711055537,2393.455182901129,90.16261017035318,-9.26250527615612,1643458.1996022656
283.80688445548583,0.0,-22493.614622625875,83.3049429543635,2.712515713437287,880728.8737960322
102.84448798548615,23596.21462296875,-11081.943168613652,99.43215615768027,0.43508509467233125,642284.6659944472
80.58297117650552,14805.886678838804,-2918.337744004035,74.46979313119407,2.9363082106466267,523758.4767702858
201.47416830892354,20810.36973479696,46038.88576336716,91.0071141368749,1.2322819868924668,143433.3592140516
213.1501197747656,2473.9787660494476,-16340.514176916744,76.34122364741305,0.978352814362097,330437.0234394205
213.05939217721513,9196.297407376433,-7109.721496786806,76.38538510767293,6.340431300125056,439457.9664004685
217.22542282561707,6489.9098772651405,-22365.302939816516,62.25476465959608,3.2737471015922113,2333394.0719322953
836.38623696573,1477.0401539131135,-23448.093558917713,99.86248176618567,-3.5718060867053385,1064462.056796901
497.7458121718383,9986.788620619516,3575.2700218960927,86.88218213343156,-2.958291384772247,104888.77994186085
314.5004971809602,38025.25919558891,-11706.961771282446,74.28033927386936,3.343887433835965,1041833.1527298527
257.55665722996775,613.2536814149846,13586.641515164876,92.45065353996928,0.8851314119973246,477543.00207138027
263.4805062459185,5168.250801057885,-21118.6535332611,87.01316266606256,3.056878809714143,346412.5897879651
422.0678887341601,3489.2164362461963,-3669.10168710773,98.62157009200763,-1.2705542937106795,1429512.3323217493
256.00162813205,4080.018010454159,46821.27759647202,62.09192135447537,7.159535282591049,2267298.232710201
467.7651260118834,35860.519235769876,-5508.474749983041,83.97334528124384,-0.5362292606164765,2031750.167441335
336.1298372709643,0.0,-7864.230266118986,81.72831099628863,-6.58905754259515,289775.1986982498
840.8337632691315,9418.804434918608,-11536.999841639039,94.95342464139279,4.668152936943425,519107.5606159242
246.11475366182253,21442.766203557978,-21750.66158954788,56.215528047491226,-5.420650433007443,1050093.509194272
518.9760636213412,0.0,20252.61068406701,91.09329856683301,0.6373154945367752,2133127.220992746
126.17666517362667,10019.952406357186,-17290.34958183922,98.86150037924939,2.3090898331975263,430588.578253005
174.65113048493018,0.0,-3963.066064266266,71.936406143791,3.3730472862930796,594677.8597163454
775.7983111833348,13628.9569506136,-21727.632120260194,98.53499622115345,-5.7030164255622395,215999.5338567495
455.9540688774975,0.0,-20378.445950140755,99.67736447299819,3.044149155309438,195667.62609491372
367.75063065638614,22009.240852091603,23609.713651996804,83.66183091258873,-7.8869844674139635,1782947.4161620224
967.5028168390438,7609.1216079651895,-15226.51935595909,98.85700454100672,-6.820068312558934,3242528.6516839727
259.954710712288,0.0,24411.96737729849,95.61569765889844,3.902405531154997,673867.5560860912
518.2420170224188,2807.7508854175207,-12548.549428818997,93.75802052871379,2.7515982666094327,2199820.199923589
541.0831737779914,464.0602334810582,-22453.966328365757,95.09801680735144,7.720480945647745,1085769.6274488035
678.4045174080102,0.0,4817.80089902665,66.50262862694014,2.168965647066515,358745.41659565363
115.53084590038925,6242.088124984625,-17143.4966972071,75.31079306594586,1.622541477154508,1085482.5211578708
258.8346616476105,0.0,54.78063871055565,95.26586922067435,-4.327438538466366,3960339.1484544436
332.50170082759996,14322.7114641107,-11333.678770808541,75.89807016956675,-7.294501795291129,701230.0996208334
671.8889712845914,36220.47824687898,-21668.44781881049,77.60669829777153,-1.8333064258805205,4077962.4470081385
358.61954171817655,10695.779888396066,-9511.311089014875,80.94597393528193,-3.716579407501202,100000.0
541.7773691044222,10435.52594843929,71432.71863464503,95.71619414851367,2.754839188388736,1801432.5272384759
107.85607198295932,0.0,-4179.615440762325,97.820140171784,6.192094211481088,802712.4025672154
220.90201374998904,533.0328984707247,-12314.257268186973,91.14641743389802,0.646707584333523,524967.6467766648
596.5624269319463,12016.330760047034,10165.088370427336,50.23846280863712,-4.2014420710582385,806885.3390445884
240.61192185226759,0.0,-8851.190372111576,91.23052209474417,8.835992760887336,100000.0
272.7615281410285,27412.080118572198,-8867.666850703845,87.76466976531049,1.4026906708243008,572839.5410328122
665.5841036913616,2627.4411600683925,-19998.278935658862,90.95631149323046,7.494862355303229,1080380.474930846
147.25606247249678,379.33115866980586,-8510.761694143821,85.56791927722898,4.922811844466106,3706814.5326157096
172.68006434332003,8941.362472865665,8924.714694398426,92.30178392443142,1.2141540221320728,412463.4026196954
99.32499444092201,0.0,-18704.791527352583,64.33585412009829,-7.4418738282323496,299735.9012689148
681.2538400030747,0.0,23148.546946216768,70.0965295131935,1.8710416925683742,420024.0506435177
492.26768978059744,19342.867081651282,-12698.646471553124,88.42037547543978,-1.42667875539615,1996572.1228424562
484.82612580581,0.0,-18991.03716385923,84.07302224236989,0.6959723276781364,1047195.5253740422
216.74046580532445,0.0,7789.6720816222805,71.93888297221127,4.737652459525932,407283.0901591376
93.6875385015749,4949.446758168735,-14679.523733394486,98.25921319181676,-0.298418519884887,1282849.2984683504
74.20772494593699,0.0,1464.6034102693338,42.13016230167794,6.257451920645268,811618.1941244185
599.1689310009677,7164.526676170017,-14725.532317491014,98.45146921622737,1.9355091625262943,2116997.7548574363
382.86738786668093,24250.395727737425,-12340.58519339316,74.20170752822168,-5.5479424053609865,336967.4431266667
428.4122693367823,7466.01477365633,-4168.861616771232,89.16029763270356,1.0796727720563286,508678.58821544034
322.8981846595877,20840.665598879346,-7642.024689536196,88.20196608607111,0.6937882785162035,473866.5550237681
158.2676858473346,0.0,-22782.75348255008,83.51183217505164,3.350419614305035,145820.77192853845
223.50727419039265,22226.982094782954,-20129.846992723367,92.74003300401127,7.021181617097531,1010274.1673181363
131.55525426202917,4056.147991081752,5836.951882929523,91.91082006955443,2.9126906356342985,972048.3251098078
119.72533872703025,16969.812261765845,-13138.216152258763,88.99799496629748,-2.614055805506048,733530.7531760854
468.2775608325569,12513.113124753927,-16661.473279700163,90.82794799199799,0.05195090171858041,563517.7735353906
79.5572136503507,39706.736289427194,-21066.50592975081,96.7760284099689,6.1176754676912,153751.3834603755
132.20585055290468,0.0,-19944.47334571455,61.79758962268826,7.584474933050668,459222.51098145515
232.30605185279424,1026.8357715342026,-22834.55486575649,95.46254394973442,4.774268197301744,500325.4330688627
289.06071829489406,0.0,-12804.194584890138,86.90341490690815,2.872113497420216,301792.50897644187
98.38081646725158,26304.69677817638,-17203.687242767097,93.7401088878367,2.583792640985547,610837.1773761321
355.82210932203833,11158.26116210341,-19402.52491083296,91.26945120871511,2.5289355016797144,1137627.9903835885
311.5905206766049,22391.102104277626,-12434.767955338873,80.99273586109092,1.915089908910982,5808334.874800336
593.0551677968851,4006.933158660465,-6462.0813940305125,95.62963902749026,-0.12539105444136567,883843.7690129194
292.2058361858108,0.0,62893.23682244714,90.74403275894757,3.6066557201547873,968307.9344719319
378.2566876686205,458.49446958940814,-21573.464667918026,88.25020497649207,5.439661104121461,672064.4298465933
164.67071745770525,48853.46543770397,12927.925448360897,88.29579304647085,-0.7516568892655151,100000.0
169.60629373449444,16533.337767185803,7073.691861584644,93.7720926824003,-2.773611316812177,708449.9808814058
106.3669315609895,40591.92548102455,-18373.602748120476,63.57793753280257,4.180968370575362,779379.3921947556
165.80876063808074,4628.4058830184795,-8958.853456605302,79.65002578499075,-11.025518137315835,10957846.398991574
221.3038363365374,14180.526731428417,-16150.377554237846,66.46192744831313,-6.9549001127767625,590309.9038484049
558.5349797912141,17021.36455021886,-9210.195555930894,97.14781810420857,5.9408979471953325,1016323.3115887586
148.60044078334428,5730.983631972473,26959.39941235692,85.50124165213367,7.459797986580144,702090.121746386
862.780801102451,28268.90501862293,-1958.6522459577864,85.95682326320747,2.696983926194979,201683.34726167086
398.78289599287496,0.0,-3884.819074459396,92.07026778706093,0.6607607604509287,2564066.6621585367
350.1546202726469,32423.461461560884,-15930.053794630498,98.54512827215824,-10.863969537947298,1667984.1107987904
277.8156805905223,20152.37276077007,-21486.566647174786,77.79721266816459,-10.497438724120975,1741287.1546163696
244.8890614316454,4874.834609949084,-13925.741827381004,84.65727744036133,-1.441281309653819,268249.7690993094
183.43603822112976,4961.266388530257,14574.780542523913,90.57354650271043,3.5309354990068886,3412902.7791474867
95.33835306044583,0.0,-21620.277349418466,90.69342598995938,-4.655157043416176,156055.0066682884
152.31114448122645,155.06620176117679,-19831.077309854987,45.52058002890423,1.371147112204648,1391012.9812547052
680.2908318047598,18884.355276364622,-10032.432648925012,95.39615050107695,6.477317475143744,8117243.535144416
384.0083048952962,0.0,-19492.805024655507,95.7026344763786,6.390163138729763,245342.39447353402
676.7369447275249,14620.303974244925,-18453.218082468517,96.5913134887276,3.505892852026311,391238.44914043735
180.1945136321748,69241.71698126956,-15875.10860515891,93.65178210828023,-3.3890359404366333,813919.3012823855
128.7924159276214,5606.868265286818,-21091.36168133266,79.96854100805439,5.723204589622624,419230.7571964527
276.0669276864336,6232.092213810512,-19440.350540496132,74.89073363845927,3.5140708578941666,132491.0302416198
156.3316476023082,1233.4417506737075,161.87233330539675,50.563262645363864,-6.877948288247705,786556.0564866175
313.51964070210676,0.0,-20880.99381508598,92.60405084678362,0.06121123253568328,226718.83465693
80.63380465515623,4537.845373786747,-21828.642277019928,82.08135283225414,-9.313199747131698,1228066.665029109
52.90636601764993,6309.900323590973,-17422.205157622142,88.9182365416584,-0.5702985541913854,265304.4576656152
341.826323931742,0.0,816.2638028425245,83.9153995968828,-3.6445376597338264,4012511.231399995
691.4629766268376,0.0,-13810.060744785622,67.67892509055335,3.4371245398673187,308174.47487345844
351.25872886428346,0.0,-16205.541996947786,99.45394417137551,-7.478891734915674,511822.0741366835
381.61487060355813,0.0,-11096.12415856627,96.44027865109027,-1.624216898873696,1784892.8423672945
283.6576273396871,39598.283131561126,-22223.730746035162,94.19065587427559,2.4476117824700463,188348.50051441265
301.0770771510745,0.0,-4147.375629443653,97.74623846780548,-5.760961855352667,936782.0480852156
91.70064964458071,0.0,-6134.473737168995,92.96822722173648,-1.3527757614188012,3072054.2411269536
160.51818412022885,2665.222881840972,-15756.994583146827,96.13259483693196,2.0204023059007623,124463.58249070478
555.1572683419785,13565.907995555568,8035.303135598195,83.72221540206148,-0.73801320108646,893674.8132221667
218.0200512618093,0.0,-20157.174981504264,88.77638490845015,5.181830075520012,970795.4574808215
548.5302653319428,51666.13724630066,11868.694924648014,86.43270170353344,-4.682695284908313,1723736.9872283398
295.84413900873943,0.0,-9647.335837416402,90.08388256407693,-10.677980421346426,187091.71273346845
305.41933937307124,10442.815785239838,-15131.504698238956,71.08294144623784,7.110092707244519,170671.80556067498
219.13208152016637,4248.551826855703,-11877.104546952043,88.71269516020553,4.219943900812202,1295148.2459209654
416.20571106868164,9550.375691581154,-12869.700278164284,69.14200618431319,4.50231117161854,1011235.2289830634
478.24243646553623,0.0,15064.847455358038,85.09314131896204,-2.014151508950892,960819.7788793367
154.4116310850116,20865.210436012625,-19930.544039146043,92.00917519676265,0.9236324007664134,1067780.7962151514
98.62128605034209,0.0,-18274.02157382667,95.95722054306376,3.699114296896048,345232.3012096983
61.83420546636424,12937.37957157079,8950.966566130272,79.99464999581085,3.135986502727129,941734.8768621916
370.4471792035297,35207.4267563761,-17183.293678280566,74.71818120225366,4.03238599279757,1006892.8094757185
344.85355644051583,0.0,5045.848267363919,80.21892291514453,-1.2231400683933416,332439.59060173284
1005.7363695362538,21223.377871826215,36666.270109063385,90.02061062184676,1.0047705120878092,5679376.208727218
284.7234427193625,858.1698082231025,-15694.280633572607,77.88008252696606,3.32476227788296,1228391.5799047495
252.92085121712915,0.0,-332.889072809794,84.2634297029244,3.9691099455100955,196725.7986409695
320.14857105723746,0.0,-20270.016719062904,97.74730378284102,-5.905798141424608,1501851.0963842853
331.0632641179185,16338.408719959969,1350.9595340518317,96.65851508897279,-4.4862902764764065,249658.7246263584
240.30421104651785,7944.966701566589,-9013.792672990372,73.7410614403308,-1.292820642884136,1733742.7416803876
158.05150987525948,0.0,-4550.075818781555,82.38131589994374,-3.681857593672655,2608941.4880633624
275.0096195384806,0.0,-17527.498199052174,92.02047597053033,6.4543405123764845,295743.98686399224
268.3925880003271,33887.54709046343,-22004.025222161938,99.12521258356985,5.7476892301322,2104763.6577014844
265.6043643185917,35982.354122366596,-3986.3636015534103,96.6632463470443,6.03421155971797,1148605.3435498108
442.8472324412305,0.0,-22914.138657636053,93.21013100600224,1.8833928418002515,1801744.9608857124
271.8329276756512,17618.91963225723,-14959.476262430642,91.40217987035076,-3.920278150700643,5876502.2117052
100.3036119598541,4754.257287155892,6165.3967496493715,62.97776054112848,3.646912374559488,556862.1893435804
176.51517986758938,0.0,-9121.711335325343,60.2210322138867,-4.933000544204667,318344.7580161601
238.3528785725085,3061.744422283967,52150.117462470764,83.97424383784397,4.227303187824213,274178.3613467496
280.135289288502,6280.708778659042,8610.649237345897,81.69060608646215,2.4991271641436175,297333.20359017194
375.23411004521944,8430.66854480983,-17583.285483955424,81.39810572004306,3.6888826882957124,670103.9440079343
281.5555395303626,26663.33769437135,-11307.794040426501,70.9172205370026,2.8207154821054488,1061578.1421975642
53.88457361616834,0.0,-12197.876075937047,51.54731506309762,2.3738256633634087,988911.2596843856
109.51474748098654,19916.185064808134,-21783.5263039874,72.12786020848708,7.5125850274295995,1811927.1742019749
391.01708003711275,11371.844213191045,-19269.024868976696,86.93286120464722,0.20977089078088795,739923.4997096806
234.0914257733722,0.0,-16934.78874940749,85.95664667840245,2.473585322087807,3608805.8455271604
297.15391043897375,10183.327344637903,-22862.480021509073,62.340578145096046,-7.458644635706751,545183.3741798184
214.8881748889483,5348.882848523189,-11056.843109254103,98.94934834035469,-0.9969448589611858,14536686.030940384
176.00511967633366,13598.14921650774,-14323.12635477854,71.30090349254793,0.4394773414627018,1451682.929693603
220.1491636896384,8533.282261793585,-22035.702095905926,69.13703341937452,-6.9149422415683475,284112.8189095491
299.40688123867227,2694.177993274703,-5778.36822528467,48.5752596668766,-6.021297925826413,224586.95804674955
270.53840564666393,1859.3703085335344,445.2781458770078,97.9245745723401,-7.868061329256907,1240121.1777115897
476.3759427978313,11867.873933091065,-8611.567477089255,95.06746662360005,4.017983125486872,570455.781036363
86.02581621927497,0.0,-15019.997275395577,91.20458512396993,6.096229693036436,1599818.1803975902
95.58436747790893,6322.94984879363,-2250.511591752889,97.2417989664911,7.503422790773691,1227587.4605022282
232.28500837784154,0.0,-358.2281531990884,83.76266917171003,-3.583107660298994,673260.8969111558
377.8479838578445,16123.203007079614,-7382.232079011599,80.1153229824203,7.777503485186074,287370.30089945305
428.4672302255876,0.0,-18639.58456220619,92.67381721455223,0.9315370779486649,137815.07825099563
180.88397713382076,25803.951452339796,-7863.933233343796,93.3180625654022,6.943506029384885,446338.7860964812
28.348242849718773,12541.594860336012,14180.426838820618,82.74367355390889,-4.633247574167488,1871103.0359997307
184.95718000106567,16051.706278558418,-17190.987087130252,97.79606752122929,-0.5319046744648208,923109.4789610022
345.52840589164134,0.0,63269.10205194466,79.88281573343554,-4.588778206430211,185291.8342207947
267.30510628822805,0.0,-16675.717213104115,98.95609677518291,0.8250385186646696,882486.7190456581
386.33339152415755,0.0,-11244.881174891118,95.38801262714018,5.450662121659309,1114424.9809534329
543.8009410552527,0.0,-17706.323903113986,97.81334667958623,3.783904267119425,275889.80843489396
242.99132980580293,26278.081480133656,-8666.985753124663,59.34347773187125,-2.8716572382679644,863800.9303401746
199.29770532883194,24215.30214093777,-22215.007451906804,74.36086587230763,7.125067729487976,777648.2579243365
142.93620005904629,1654.8340406981347,-16827.23649419381,73.40785090377067,4.074940621460388,207468.05860837753
95.16212920970278,0.0,-20000.511332501865,95.07820874485348,4.558106582131053,1081182.7041805154
76.44681388780523,0.0,-9909.744051191181,94.20889812641917,2.3157177285140396,1351685.6200608339
168.82016439571112,0.0,7695.8238577682605,74.81660643719167,-1.1942350220006777,2400905.143860671
500.3353475481851,0.0,-1105.452629358948,92.97025388904618,-4.392169587847457,2324887.612762318
409.06965972688477,3625.263475742986,-23419.484126055806,88.62103493271503,6.604375771472668,160261.75003515516
192.98925714285858,1044.0165978211917,58940.432354859426,66.43813129698314,5.257974036202946,259988.4422417778
867.5307855198544,13552.371631893137,-7573.419290351023,74.60958481516977,6.345520953031688,1285346.3768144487
177.0140298903225,0.0,-18358.117086670536,72.32132652543174,2.143254513089591,1283581.2053911828
574.3748967045492,494.7210313282956,-9610.89412904061,81.46227632890879,6.056767707380929,1285363.9360604016
654.8468225708159,0.0,-9344.605387395657,73.84228477236114,0.2519601586377398,50526304.494846545
360.00409777888876,11398.662662824745,-17669.22767151948,89.35486482152683,-5.4286171710604965,1366795.5750457547
167.72366269130973,1634.923495150325,-9035.464647235603,92.30765163506777,7.442762132394728,2543679.478117742
210.66252843511612,0.0,-17266.823867066883,98.83840507330936,5.156600201101539,2083171.2704663782
304.00433738063873,0.0,-15715.754535364773,94.70598143206958,-7.967822943086045,1493346.8640598562
97.25849507886525,5272.275384403954,-17796.309250099082,94.92666015215895,1.0681908944297263,515660.4735515867
133.37058778439203,41785.8945297593,-21320.265656708238,98.08291333833004,4.015508835839038,1680944.0743155708
125.45497444607179,25617.36120608029,-9766.490949463081,84.72142603774113,-17.723085427542394,311729.8617458642
376.77828365115545,61627.145068068014,-2375.9338435172976,81.95757851940469,3.1505293289197276,562136.2473978811
540.706157380365,4509.905691815763,-3765.2294700869934,63.25002561247581,-0.9582340330721415,427666.98419146053
418.7903079490122,0.0,2943.2997568653955,91.9416718768187,5.027045906968247,798157.7617530336
488.60528496358324,0.0,-7111.6276921341305,97.89420677050906,5.551259869094037,9305576.697872791
157.92413835380876,6404.59417918071,-16728.699327863596,79.04240630772149,-1.3066661409054596,100000.0
217.0668212084375,774.9192782025734,3444.14099682117,96.97563749148114,-8.826610282207824,1551738.0905755905
228.16309232593122,813.1250511759822,-21062.76407529881,65.62672814301186,3.8613593162013338,123749.24033331184
359.12526724231253,0.0,-19060.407806310996,81.91501365192472,5.753780717231902,434032.60961934034
172.0920016332263,9185.374193157286,-19390.48279151939,98.38873016530731,-3.460058768243421,2416535.9732456896
470.73653254530916,0.0,10314.554023183933,78.72889788057242,3.8260249247513753,782859.1087204625
644.211771352023,14277.614787861577,6210.493978974588,59.045769862942535,0.1792961208128201,222900.49593160924
370.4130151006146,4372.50264714922,-4285.800436392412,89.31062267030698,3.9686659833090454,332091.535692246
210.71734712800264,12928.165881310968,10057.22056092976,93.39059575601681,3.372265325634225,1540407.460029316
148.15236562669983,0.0,-18944.964639653328,62.251853132553904,5.2735621000522706,326634.37501943664
125.67119490751469,26020.955218194926,-6716.841621978605,92.55097912650527,-1.4685553471491488,925513.9173520599
54.37786908947702,25780.102293849257,-13063.657527236319,60.72984180036167,0.020689564983756625,766913.2906004841
232.8442413741554,9732.660251126688,3629.5274773234487,91.11441068382923,0.20910100702666767,356197.1389403909
224.1060021688061,0.0,-12956.2854261526,92.4529066128046,4.713723059526412,7712388.563371346
453.5301913851521,6754.422073094735,-15552.065733723693,91.3239739572972,0.48997626210723944,1464919.6090364668
180.00861229783743,24576.400265476786,-3261.988987922945,95.93550168074252,-10.171740264294225,100000.0
241.58351291474963,5966.460924444773,4394.188110605395,82.70320579897674,5.7356840903229624,895466.1917193913
323.1757592134178,0.0,-17679.094330541433,56.87981541432201,5.005268311210338,352228.322847606
366.7230780610955,0.0,-12354.813653323565,87.54781016545734,4.840560312793757,1862959.049273499
422.60541526019927,9429.87393466264,-19846.644011279273,98.69333428034771,1.4908022279571416,305048.8442116761
303.3034452416242,0.0,-23589.435744881404,96.5141562380597,5.933351171096252,642929.2167764513
101.6194770397102,0.0,-8998.885288364107,69.8822842832483,-0.539739008189466,1271217.9401576023
347.18177661548435,0.0,-1890.135947393388,82.37283359172012,7.632309881422142,1890459.9431378935
171.0836576055461,0.0,-8086.6229677511255,93.90730788328307,-2.213949615608776,194789.3412345805
555.7911887454723,24785.63049549378,-22689.0951101442,96.46064437730763,0.3060996273141381,504866.1585596207
273.7754378403905,26027.02488226735,-15257.67072881843,87.46867835274483,-9.92751948224264,432596.2646111006
314.8861083873547,7282.512214075647,-23185.64190776409,91.98699353443236,5.611339175052953,355520.3764018494
1053.4712628668344,0.0,20831.687463507347,97.63986613663651,-3.7468461144455247,5085986.976525373
427.05851890926965,0.0,-19973.13968631865,87.25240505395635,2.460733316097887,1138793.4492666107
343.3044633371126,40446.615380968564,16351.469938493145,87.27229561463139,3.283913837780209,182230.50035895524
246.30258542448595,0.0,6297.1613059810625,81.15296018304888,5.742773945383665,2001981.7876945469
108.16112621673679,40714.666571129375,-19059.974634002367,78.85410151759984,3.9172039182361207,7529745.617838721
234.79918605765323,17273.85800850001,-20180.171893489518,87.43263011149106,3.756077042948121,2270956.7731040656
146.84583586448417,0.0,-6687.609343825643,89.45409627671089,6.930021731562439,137131.14880544718
690.5675439159133,498.06407258442437,-18751.42718824596,91.11916738167352,0.3616372421752363,428198.6574706716
346.1291378362183,0.0,-10349.405732713723,96.71346731926353,1.0382737889882314,2939065.5954037323
543.8180567732978,0.0,-16348.783998327439,96.33426805484547,-0.9344431502143813,334892.07268833043
176.4796556010234,0.0,-22310.911878111354,87.04187240421068,4.373936056863711,1188498.579955455
154.54190090775978,16024.575583729562,-23205.325795481443,65.51429445095806,-2.4623682729719683,1710159.944281463
402.1424968204734,0.0,-8616.732417144894,97.19132799761492,-5.860603164277451,263122.894441476
142.63267670472274,12389.513055528352,-16940.570685813214,96.36260271768074,2.990519909797941,683185.7806213326
200.13147520600631,18816.01164787253,-16878.914026620077,91.0261849400971,5.555726299080398,100000.0
709.8902610717486,0.0,-8.839653490296769,90.11110525976574,1.7331322578154627,236374.71364876698
205.60582359141705,8110.692341145227,13410.957482173333,68.27542558307864,1.9443332289656805,552481.3927174853
91.32150281680957,1855.5573719499325,-14546.315794873395,84.46126310254515,2.781413854626101,184875.61005625792
66.51323302392628,0.0,-15167.375524922594,93.03308637151811,-0.9481139832824965,4393568.980278625
82.89806380595982,41826.42053856874,-4045.0802691614226,89.50792372551692,3.469851159630081,151273.46195749592
562.8587461789893,16260.780050745394,-21060.701316760784,77.64067128747355,5.7719205204621575,449526.94012418436
184.19685067114315,1198.6902770118475,-8668.717010776267,86.25531796581879,1.3110798959904297,842235.2386418419
1034.1938248947297,6569.8137659745435,-3046.159376840682,58.55957683244012,-1.2327493063291577,3560461.103773786
648.5881056930338,11999.744406304493,-358.0097485888364,77.1255995159113,-1.7297610145767663,150324.50960981037
809.6996797283921,7742.793395683012,-22662.30058735222,95.89699723186466,3.7139671183987923,2622084.387975539
496.07632488200807,26904.379074094602,-18266.97193257811,52.92574809375354,0.6273236806207763,737673.3328108081
389.3327783947299,25284.340205732708,-18939.406130925996,81.00265308746484,-6.091463684314171,247790.88996650756
150.6013814566782,14194.717784552973,-10383.617627131283,77.98226523637244,-6.01887271835491,1212644.1989475763
269.4044073443499,0.0,-4407.7489417264915,96.70869201220901,-3.958641856760936,907969.1353776121
413.4244714641348,4422.34006455344,26381.80326605073,75.59292008652838,7.058961332072338,376909.8959673532
477.87724045813275,1678.633950530415,-16442.77642619527,99.54111153637433,3.4354001049291014,787628.8800430109
115.98236072273446,0.0,-16462.83084184028,60.30787591786929,-5.468744574029918,477421.50762428646
237.27114882284732,0.0,12597.950390109618,97.15367632048878,7.070511253920165,826428.8278047469
255.66741631245236,16896.98077537474,-7553.065398258052,76.43623372944383,2.303303719530451,1511092.9304429293
249.08255181949716,16101.17960484377,16809.81334880986,98.66719391037239,4.428420336561989,4174973.2028184165
127.80704703514195,1090.304681698967,-7675.876992678321,99.7699990026871,0.5174033153434667,186913.8232327311
754.2493136316339,7544.3330007406075,-20284.57163179538,78.4082932435431,8.174502273464238,7620379.36702128
232.01165587965554,3009.3396815668825,-20975.385210905177,87.43868673257388,-4.691118775701726,100000.0
134.68348973787545,2558.492539258516,-21693.5215955663,87.54821822354705,2.0932860532505444,617254.3135145033
765.1610829059407,0.0,-757.8859107664612,99.212191456012,5.945886784945703,1393248.9156356915
648.9526710841242,0.0,13938.437051888584,86.89229771420023,4.884420578673502,993601.0575359262
295.687873816064,0.0,45574.62412744711,89.51274931803704,0.3378179777972363,367702.89046722656
196.06352243283806,2762.514700344268,3532.3782139390532,96.58042273963505,5.12188453294148,580163.665496326
77.79733199251308,31720.46278859279,13046.13266105573,73.23083144479304,-8.505469380140724,424089.15013937384
371.6803383886611,0.0,-17073.353791756002,95.73975698357002,2.603827047434124,381436.15660791437
186.80065153903664,3947.3911170012175,-20281.59657033762,99.34788953381963,-6.744917669980147,1857166.1465151964
265.1701186703028,10470.203649207124,3712.0277458073942,60.14983733615625,1.302821916411487,1080265.1028295294
725.4843596317364,19722.803467094927,-5543.963184357599,71.97643302891137,-1.4673747516314464,340373.71176380647
177.47508483290275,0.0,-10283.862836202416,94.28636961233563,-1.1016187834889486,1962166.6669498004
361.90305218100195,3735.4998472992556,-6067.518334570326,88.92976571512555,4.014523220928483,1022774.3797588743
430.14943005549,32597.288932592484,-7130.208612109589,94.70205546026537,-1.5439396761183488,1783607.0969360422
552.5110110578867,0.0,17422.54297491467,76.88332070088936,3.707496153686087,1458022.649572034
252.70746311272498,37229.363056255344,17851.118498552598,93.35521071878608,7.253129451668938,293052.04141718976
235.65785178543717,15134.906918010236,-3197.0989174080787,94.17199001720087,2.9702845713884916,393879.7173603191
232.01248368721528,0.0,3601.7328835584485,77.32027172615695,6.30632248624484,1659493.4541042433
340.4376809525303,7742.865708724989,-3780.9148802733544,97.51631189200351,3.8334590177917534,1427460.1325723082
632.8283406220595,20938.982779734815,-16178.499659483721,76.99463665847989,2.237765268782635,712837.1317888164
224.99016807708963,11366.694178833975,1394.4280308789275,97.83055565330116,5.472663027083103,829899.6938110421
33.853607241040905,0.0,-21191.638062425143,92.89445655523433,-0.671371566130043,2974038.600882105
459.5011493019525,8391.257091041116,9492.67967135227,98.56283841673557,3.750485814122823,380511.42125815764
282.01333789167603,0.0,-20440.677329928905,93.64301403076011,6.376602157460039,1331487.2643312048
372.1954506856273,26099.309345890568,-7721.418357502145,71.48166446084784,5.42790951745299,583960.1845365287
80.14222341986205,0.0,-18756.092686614662,82.4463416283978,1.5941903050427282,574095.2925682741
187.2994208667703,26840.11035418739,-3016.442099402564,87.89837988612268,3.1438291445505975,2442797.6960859736
437.0422937929763,0.0,-12042.017368179128,71.63250654771424,0.7111045053569818,1808408.950669461
105.41979845210196,27932.65584652401,-21819.7355342289,96.94540619097675,1.5613425155004403,1784877.9573049115
361.3966328452017,0.0,-5491.029431657687,92.35624800530059,5.685664571383247,3066436.474496903
263.7551349326028,0.0,-17058.390028718943,98.12604167935986,4.5072698293947075,746465.1615345327
160.63334472531835,36987.281671070385,4526.163534278428,91.82626253922355,-2.4085768420067595,1544403.4363745062
151.5351086030227,4338.634685868037,-11624.323902118262,89.94047441677789,5.231714771504455,518505.8389108826
128.68084857190553,27888.91887512972,-5929.862919488853,94.35866388661897,-6.952981583222936,1041927.5693898788
281.04771835641736,0.0,-19356.90506973713,85.60629631542699,6.868961030426086,632125.1275712214
302.4276426868992,10826.14587326708,-17139.53541081398,89.72320597951109,-2.19422328462311,811545.3605107649
210.4090494818035,5532.693896834747,-16158.381496457645,67.73170674943921,2.5370913886370516,1403770.9763169119
122.88064603738022,0.0,3883.6864556923356,98.73110470052856,5.668495860061181,296545.8872288538
354.9864334954096,5900.332806599803,35454.08190207149,79.70033109041425,1.7239975878825096,7287171.294619042
464.58079848279647,600.9188568409011,-18527.32063285221,96.95971332152278,5.136382884608494,241199.79172754672
395.41519543450033,0.0,10212.743601174137,76.46436611421107,4.296370912744423,191835.31065746018
829.0565946476189,95.99214668743096,-23104.400693877742,99.9220506500602,3.6626505882062554,2607550.8336897735
239.01361871393377,57494.564402302865,-20439.308485093075,89.53993830757489,-1.6869087584096256,1742495.7164914215
596.3101602415808,0.0,-19363.04452451236,72.6694194449546,4.553685432995166,1449213.8555113818
171.77691122263576,0.0,-21044.97508618372,90.85143386200262,1.015763112330184,1455965.8607702672
152.84160459903615,19549.763671225282,-21787.610122651993,96.6389377561822,-1.9263475245835444,719655.9646117114
292.2753918347398,0.0,-5625.771754768775,88.25848616030676,1.8480450404243367,271853.9333694299
675.5072626449789,0.0,-13981.410587207993,80.77916270682587,0.26325256033162603,792846.5799659584
221.7869770311759,24554.452571030135,-6202.768866381182,89.71785199794945,2.2626110592366473,346321.258951961
80.0946705008861,43993.121287277965,-129.8040059224586,98.08373275232964,-0.5529904061205198,2132129.2937125145
459.2631340808704,7667.69219172473,-8032.495498905682,96.07996855172175,6.442718902206426,620472.6965660112
256.49213104761265,22938.480937222754,-851.2750995077331,80.17362188641103,-6.160662109411664,294181.7591001388
326.4209283949815,4637.231646232891,-12450.690258350533,84.49921547557237,4.755817677020147,512202.6232052865
158.53185648652072,69584.47858844382,-20409.675716656842,90.99713113769245,2.49535397704358,1148795.5454528772
290.5251390609391,391.61177605309786,9614.666646229576,95.32701180985048,7.8066622605861795,392347.41613265773
89.71160842466581,13877.278387559183,-17137.978186731398,92.28357751462786,4.133968671487295,295244.0451088655
761.1092907807486,16160.365812072176,-19244.19994208595,91.38971992242108,0.8121187187949115,953653.7438813573
511.23876688783247,0.0,-13617.027109141973,78.85377505659224,-7.312098647059788,954996.7613681658
282.1707910197371,1924.1084845500927,-19124.9481022487,95.57018439162984,-0.8084407004545895,417634.7422327117
451.5912852165008,0.0,-15824.312002550325,83.81429763595965,3.866080730570795,434459.43703097396
172.08792802251082,2998.425061745486,-6791.413829869729,80.41129781083664,7.038914300123551,941523.8240306545
497.6591335892572,14622.843038310566,-6721.010484741651,98.64730628388921,-5.189784921646186,148317.01042594938
215.23657993294816,3778.4719335312393,-19045.199736714276,96.55233970976788,4.033293467726734,155094.49389591848
205.0201711513704,5505.56427958376,-16386.67962870977,81.98385539080792,0.8260295423195334,330946.2838082187
135.15121505253651,0.0,10133.125269849887,91.15985323348723,3.856360425690429,576775.3528036615
352.22946171183247,0.0,-4115.550750461738,65.21533245873928,0.20588518800658662,1026841.6829487078
274.30151517196964,2619.329937119007,61470.49490893431,97.60463529456548,-4.8328021158009005,3696480.980318902
607.7266734905771,0.0,13642.784809447854,68.31841037848628,-1.6123302480665398,1873699.8912047714
123.8705125160507,0.0,12416.376492844494,90.56169609592392,3.215814210195349,611743.0479505796
353.2292356115349,21237.88550810594,-21168.85763781968,91.78417928127632,-5.37944884618274,714317.0363752886
541.1843405046712,34236.53889327185,1568.3069528629821,65.33781165383252,-9.312644173150407,242127.00920737552
305.8687007343121,1318.174399494141,-12263.796599506404,83.79730720011564,-3.1926431236575468,714712.4338872123
212.47445002612176,0.0,-16863.491979726707,99.79369721937812,3.7469318667087803,530977.8030517163
300.90574026128616,0.0,-9459.36000987618,59.48114907893495,-2.2079373569890137,1040269.5459887895
579.0833443287692,0.0,6278.629543463681,73.69585553797783,-3.121166811172955,293621.2534074357
578.9396924895603,16258.161446979593,-4032.090436874285,85.20217642354339,3.1428662950782797,1291456.443795673
249.6975775303079,0.0,-18940.554466276262,79.32868631130057,-9.311247906600194,3937327.7073801667
572.9704391178952,2669.310672786557,1061.463871824435,98.50098324988743,-4.482008504966936,647169.7065526497
265.981576668425,0.0,-17473.60682412783,93.80608294520475,2.9429966646706056,1134704.5813942624
448.54236171298777,0.0,-8763.536794777754,88.17371804438997,3.750703688265017,1558381.5782808957
379.02256266737174,27022.34836156702,-14832.161401470676,57.152254464750754,-2.9629307973646206,469140.45533763693
206.75915075310604,55148.688819381314,-14028.893946994503,88.87352068086629,-12.042161263616503,933318.4407320099
138.73379673112913,2183.357544404863,1625.3401238934493,92.28615429578782,6.282139000036322,739590.2834688819
549.6966153673584,3949.2369566756206,-19761.315730569404,87.90898159121771,-0.04907658128623105,812152.7428432321
641.9252310956082,0.0,51931.874837429335,75.62849354059409,-2.0902083495905526,311666.5788253838
348.03157027273295,0.0,-22405.82834218481,87.55094481724248,-4.761933500072217,749349.8116221972
265.74957813235375,8161.274074253689,-17198.283246436924,85.80282798739391,-2.154540972237548,1261482.4315987946
112.39656461975785,779.2311467188501,-6357.6584320609,72.9011242744828,3.9872093983174786,3599328.897093978
541.2677690496687,602.8303279628125,-2395.9866852897103,96.09127110715545,6.545931334080006,2095280.324212365
323.3173399245106,12797.973815296851,-12795.355542845427,81.28234571759776,3.3506315427169753,7791163.0201977445
226.89713375281178,7485.805505532917,-12312.80663395472,91.64957581914238,-1.9368596319075522,313613.83425632305
456.2653419983893,0.0,-5668.424452021056,72.99189901951893,4.354038367360006,1904162.2392486911
97.35634142006712,0.0,-14148.729267776504,98.24134963916698,-5.982246683112205,892405.7691808894
130.3103618104135,170.5034349362735,21810.514812062967,72.95805275513683,2.629677955358174,8111417.7555405535
167.71991590224565,23223.163832882772,3436.0846188107716,67.70876020799406,4.559809102267595,299800.3062334742
371.7480807638673,0.0,4305.834823265788,79.48761600325379,-0.6558029150517442,289614.49024001695
303.0279384531382,616.3617566320112,-19400.35238434955,72.81523730301859,3.048947401677241,377251.77812735405
399.00111370034523,13313.808008572021,-12561.516943837089,96.52921345657536,3.847971897509197,100000.0
519.3955057340869,7604.606137748417,-14805.734389307167,74.30714224261932,-10.635136263790095,409081.4159229152
407.8130481773899,0.0,-19595.653793542733,99.461526797235,4.374344012810343,316460.61457159976
770.6743544245193,11785.473416728917,-6525.479979164775,84.21468869422263,3.4851531949374763,860641.3663675714
518.6714754602567,4828.703751550207,-16765.245602030278,92.36117828044608,-0.7395315291215372,1062283.690194333
249.3108445193773,0.0,-902.4983804771073,80.25615480630978,-5.854846169613079,5744698.130428519
186.44202610931814,4751.350131430527,-19900.85787695798,96.50294266132879,-0.19715194774707,2074988.6090235354
254.3342445065001,35189.1688462074,37763.97563995819,92.92065106183412,1.6144452836459138,386700.5805051825
416.5252283454971,7043.383214590719,-19037.16923860544,80.71851710299016,-11.906381315494691,271507.1794130469
200.4143349169128,11973.234842191214,-8725.217491077818,99.21271257420095,3.6590581052916225,1253075.0002825668
423.5512315976928,0.0,2246.3100346315223,81.96159049285185,3.64096504884015,170713.75274253284
394.5462536475959,8330.056813746789,-17006.183271951362,80.29634095772009,4.326337221590853,5468990.703314299
137.29886537753882,0.0,3773.8359452959885,91.09659182611244,0.14125013325777047,2669452.9794968506
512.8641094180184,0.0,-20580.70808514339,84.2386025481352,5.280667890449026,435350.5217359699
340.421475872168,0.0,24360.506963616783,67.69290849647426,5.987273918766977,110807.75236047494
748.5984934718754,3844.2835430904634,-11469.058045084374,99.68158586968306,3.4964388866646514,3234094.733212058
266.5848764245922,0.0,-17189.45726428757,71.56837301038024,7.131458174108777,643068.2690064139
220.04034859449808,39974.52019774181,-14793.945467242966,71.23378801583333,0.8237941737112919,2846492.0747787165
124.76019903525928,0.0,2667.876953289495,94.48152276042977,0.12757536792857138,126263.91707582232
123.32035917979887,8969.154353673344,-17104.958072347472,89.89845129027091,-0.7929124529617138,377259.0911255935
476.57244692657184,6174.98565928285,-18193.875963204184,87.29411696262679,-2.4919105617704425,733635.8517360765
704.3164057701481,30682.96068377086,-14055.229271076203,92.49862358969074,3.3909680732017975,768102.6431552756
251.98353453173962,0.0,-20368.045952666613,96.98969604556275,-4.8972589779615525,444598.9778037974
241.30564118410766,0.0,43767.70551579521,92.64335361562935,-4.125158217599285,1447190.9007861405
282.5710092510253,0.0,-16975.57842188742,57.885466801286654,5.670476632420137,225396.76487760321
533.9629831654488,789.8425346306252,3238.882168698685,54.698561468017026,2.2492721305567596,623673.6828865692
138.1881289130387,0.0,-8868.598174927518,95.74646520663165,8.387518685270457,832613.8055716838
314.41804298862235,8753.822301341548,-19492.20657522115,96.2743184452321,-5.008520532840366,1284503.367876775
483.0949283112852,6106.0224119090635,-11711.679616937723,78.09112717160012,-2.3750137123011292,1595625.476964125
368.93460120557927,7527.302308066165,2054.334219890283,87.30739580965202,-6.820961027467259,211693.2769075425
25.167914528620436,11323.442722206968,-13722.500799126175,77.22072534563375,6.885165734971364,134925.0087301836
409.057778537329,0.0,14097.024810135,95.7947996798863,-0.3511629735290853,2974077.616720947
371.1528733859015,12729.336799022827,8502.11511240124,75.68307754942492,4.1031453700390355,1051307.7392928936
595.9403113191727,0.0,5547.049152830081,88.11207114243454,7.834804008937667,320188.3866344296
671.4171638062566,21416.8068201825,-16166.479560126858,99.37333037417689,-3.3475834708745644,4017888.8986840043
578.284780417355,0.0,-19944.95619549494,78.39149140228473,6.235960137739279,828392.2869845771
283.5531425908643,0.0,-17309.26870256856,88.30681396485886,0.358920144156734,2669033.2935366416
77.27507323829995,4683.1950104772795,-9059.523478439287,78.58012774477584,4.1419786763503685,785652.86757497
240.15337495372808,0.0,-3166.3411461852083,79.93477399266237,1.2449261341483524,7037916.392621484
277.7780248202073,7875.2775533084105,-23107.629157952902,90.5798987509907,-2.5842217837674575,5029720.262375299
699.038790655093,0.0,-11737.469023708261,57.174396369967226,1.2316364425286501,554675.9989995488
159.6682182633531,875.2525428206884,-9597.574087354105,66.42209066427114,5.336028208675932,2123822.4085399574
99.59102290317983,529.3210281304449,-14593.247333172438,76.71558748659605,-10.903059842958932,1483498.2581207897
201.3032271893002,7461.499611194608,17708.210116022783,81.04627536631462,3.3370490815915392,3287029.125050174
165.8695629823516,17918.442862996217,-5472.049703520392,95.36750148734919,4.780299518816275,252353.00338498637
92.30604524396047,0.0,18441.596999521993,97.97096566928666,2.382891750260562,1551381.8471117786
255.59515751265903,15387.586785570395,-14000.165219812072,92.4687600184965,6.837315646259758,2336739.023118629
284.8353079221443,0.0,6061.666306648825,73.08531751846597,4.502604004128436,105386.15660286752
88.17372636708058,32584.68684705641,33195.293053223206,99.33744090703624,3.106699100704101,198474.44615119102
219.11793324119535,33905.81264983684,18500.34309753799,96.1430065238132,0.8474570437375775,100000.0
158.4874294706171,5292.105173816685,-20000.603091135665,94.85693215178732,1.796540273843485,542342.2193088885
290.85149170686935,3920.3497864688425,-14367.277745635747,80.23707662500553,-0.36601007211219105,1606063.1297068028
309.50540405232556,7947.679652295043,-15207.698790087958,51.6888177322889,2.210841377207946,3807916.5387404435
158.51017643537185,4127.0481692755575,-4249.428206992496,79.06332692351457,-4.040066292411453,791356.830725531
510.13395969448186,0.0,-221.83255373922293,99.80757476613861,-1.3265450941951347,4375262.60568227
273.78258437573544,26236.07698742063,-18720.807971036003,69.06575191313043,0.06259959535884008,159833.57489380398
163.87060303500252,16771.153405328703,-10799.184627701656,96.80567708086981,-5.256898013820756,112002.8186758628
83.80541027260428,26088.966697899,-22830.904799996326,88.40124836613894,-5.256016682707376,686181.5564319891
320.09579364120475,0.0,23910.65303543424,92.15455901608686,1.4666079204374203,1112891.335964464
370.6083317615051,2549.676189563393,-16575.805154188623,94.18418655384858,3.521046937000534,703649.5951704176
193.66797397360122,0.0,-10951.406740642055,71.52611930055235,1.029770674356234,100000.0
296.8002938609723,6705.431878433906,-14889.646695871006,95.69777961147433,2.57798653033269,661303.3613125755
671.3981943668739,16687.815663018533,12474.831158314635,77.62771526255818,3.6663041150325206,173699.75633649726
462.76427527506536,4733.898696502433,-23960.760782568523,94.40675201288037,1.2214194622671357,1523681.1950000967
45.04193844201855,1270.785937559074,-11838.50642597072,86.11075099429021,0.22653933565692874,1091712.4437458722
162.53644114422156,73557.27345851313,-12853.90353858034,97.7684744355113,-1.0386627831631863,259401.4744792968
247.49770482683695,2547.6234954690244,-16118.486584239476,99.72924135614673,-6.528587571007979,414466.0693296024
283.81236804365983,66878.42467528167,38171.20701204905,96.8624991242826,0.7519127589383441,227490.81113047717
300.94261550632996,0.0,-18988.656858338385,77.07299315136541,2.11471310805533,680819.8365939748
356.1353675160839,23684.947635928143,1758.7435209223877,95.4320948630523,-3.1740028636886066,2085786.4838139054
252.9717553087085,0.0,-6590.400678089973,80.37489513271929,5.056810297179282,246644.01692788614
273.3437397990414,0.0,16579.699205960926,95.87523782700653,7.111059121495879,1269903.113662109
477.3107637797289,30160.103514523762,-17671.47297073542,97.86902006749706,-0.2748784852100279,407060.3037008401
324.08532190295034,5125.518212913181,-18092.742214210084,89.07395172543065,3.351497575937561,304930.720690597
115.78466764814452,0.0,10827.209182105318,97.76734716017341,3.0663051395095264,648402.2922318351
289.65073863545194,14489.699545143827,-5409.712680011755,97.13624886500409,5.12597139305403,233569.14707566221
247.95021214669222,7944.788043073514,-21673.897796310004,92.53118355010092,-4.569009472890702,396719.8980251539
59.13120329554432,8365.783242839416,-16777.533638837762,65.17856201537754,7.032401997409596,195308.24208536005
299.270765397188,6013.538006274889,-6084.359690004658,72.1901930401641,-0.8260824404892393,6332449.247432647
127.4439313051771,12459.673000103914,3395.552205217271,92.01830260912688,2.0541640263610326,758266.2886118566
481.5852800327013,0.0,-17750.46641898339,96.94791525163424,-7.066749606107759,337831.3012726453
352.9927652602107,3375.8377665357884,-24030.12266070655,82.52663871659674,-3.204635701790819,922993.8974419839
111.01748243764638,0.0,-3605.2495003511285,93.2894792446848,5.887195611996879,644634.742927386
468.49346889352,17523.6637706736,-20545.31611939056,94.42123433780239,-1.332058355409698,572022.4057654853
601.6689906698541,25997.254701152346,-22825.845610063283,98.55452035052119,-0.11673614654458042,1433433.782060909
228.28670538222727,12185.40445067536,-23955.9040529605,85.0951574742448,2.374057988504168,1678243.8563593002
246.99058444705653,0.0,2794.2035954489147,99.28684326426458,-0.8688732367508472,406951.27411085635
441.12314205059926,244.9958775501096,-10000.746602217057,95.70693230272292,4.510020322027101,387162.55992115656
575.1448589384518,25587.615383399483,-14095.73520423855,66.67087168062015,1.6158494809663164,538985.0608745018
73.02660115480569,614.499747943873,21635.714244069502,92.30368510690894,1.9761715232726935,100000.0
120.98458997898608,0.0,-1291.42171184381,96.27871559891005,4.9751813409312415,137762.96351397922
203.9771213233772,72355.01925797146,32220.64497864165,92.55449356675109,3.3425872264209255,3280681.3721207324
219.2974512886777,0.0,-21185.60222143448,81.57650977851846,3.967910093224835,4454674.199784937
433.46132426547604,3541.884759709365,-12049.308823042606,50.88711707746967,0.23035166376625504,554632.1368532496
576.915729231377,21745.75786000738,-21881.965973301507,83.14850563571858,-5.014650169847549,1375341.5515468542
602.6530996460692,0.0,-14132.239845594593,84.892229647099,6.431185452720012,1027228.7189412952
71.59910503467667,0.0,-14318.743754179013,92.77561591129047,0.07167678326832672,21569026.5880418
152.05181204995486,1627.8592466097384,-1518.8729424667872,82.24181864803248,4.093648255976374,2499327.872216362
178.76257757955364,0.0,-11081.036178213502,93.83084956638807,-2.7740229689816083,633674.4713137633
151.61154001679537,58057.13878020535,-1586.5382486054368,58.46818980693486,0.13579775078537537,254971.10789263272
352.3274791990231,0.0,162.14898247733436,99.63604889824047,6.964865079107025,124605.62735976669
378.92233669049597,28148.708008130638,67914.57574523201,94.22932267729661,1.2174407167413168,912378.3125659362
271.1360496455762,5880.743494263515,-14940.899659886665,98.93461241128094,2.5966914092246736,317430.5014194737
254.7022267936821,0.0,-19272.24136848242,84.152419588636,6.195613184867429,152591.6868241421
209.96639219173153,13529.968959085263,-8328.178235536794,92.86666135365886,4.049542216160496,358172.44069534366
226.91418204493365,13862.958092045368,-18510.453207638107,90.0675248117245,1.4280054677897631,221969.92884452236
666.9404417477987,0.0,25704.233728849926,83.01671666019215,3.9498983628463913,4666200.955025332
413.55870722131544,12847.673709182729,-14646.252971144639,77.55447259970377,-3.545940444594823,1923782.258689979
215.38082010312172,8407.129552391658,-16969.66705345775,83.91491619941347,2.63356998063054,723047.4255914084
251.5034821538744,4842.8567486859765,-16258.685559740234,83.98149474912705,4.290731813738844,3715183.215854051
357.37157103040056,21952.901829345014,503.61998136000693,77.59296019196617,1.168360547807449,794211.5483341825
110.99038199728162,3848.031661486008,-13408.495766589665,99.79555011037215,0.5463726228166266,282826.0656142727
296.0749125725746,0.0,-17501.18818818374,94.0271594281033,-2.835456354571736,3895904.7098833723
399.7709734109403,3985.537494354804,34803.33609121545,44.13634092065366,1.7972712197214342,1319549.63145527
368.8799214708314,0.0,-18817.690764222138,79.76250738129436,0.7525198477765809,233054.8774239828
154.19758458589132,20620.12791534526,-11205.717597534373,89.31866611486103,3.352679755322189,591624.518949602
175.03195495511127,3702.207852001634,-969.5864949620845,83.72421530982702,-7.2866640845283435,278401.59073603177
53.67810512664786,927.2263095676223,-21922.729134222576,83.83865660819278,0.16717459443301053,159359.8761965797
425.7452742217699,2105.7290846495594,-4416.718424562019,64.20235667669463,1.3223008263263392,2020378.2458819184
835.3689257426499,13970.95008648249,-19831.16247528736,90.25265921261251,3.94987021731282,5958672.65006346
139.06856428067888,28401.54230056632,3015.256135346226,91.71697254721697,-3.704153612897107,156619.67117571802
516.9820849334341,0.0,-19382.656809124863,74.14485957506433,7.165177425554873,1354937.872050653
791.9953831878114,0.0,-78.3513438629343,93.8690478153471,1.1409291592201178,356572.6104471616
196.16614573308084,6262.730863983259,11143.40438639393,85.02550159611152,4.466950875563774,426838.9598469649
251.73120065695826,9766.506099506638,4007.0120065180636,97.28592938033289,-2.1695787979193035,380167.2944359352
317.44404008910107,0.0,-8249.473268520116,61.405947538579916,0.4959199578552962,281985.2809519554
361.6694516302839,6051.366731613456,-14150.989557389623,99.30459461851693,1.2537987651633227,769405.7870169126
328.29664414993726,0.0,-17047.65302311459,71.66716416242676,5.6206250323514535,292422.4762161519
206.77522514586195,0.0,25208.078635963408,80.49204426017799,2.3102826519475865,982153.1263803388
395.97064644976257,1276.8128954227736,-17881.485807153866,79.74966502278562,0.29327542150114105,690200.9593509962
210.02581074603606,4488.054696840747,-19746.54868050124,75.23992376662545,-2.8400238001964055,560821.0493189045
342.45931529189096,0.0,-685.4056026292528,88.50460130830004,-0.3731048665562362,268788.4644598229
264.8653333751758,14969.644445183469,-18474.473770539695,42.3908545395185,-2.1689299279296357,386756.87181165884
65.73627900648054,0.0,-19318.657426943177,95.99590960761522,6.602038983062967,1674341.2267356785
562.6652345567353,0.0,-21356.29549576645,92.61818187683801,1.3624983446797092,1265539.2911193224
178.33958766556864,2879.1649590920943,-16349.424370407092,70.73923538219839,-3.1040205535849186,248870.81628591515
596.1770297054128,5263.205675834143,-12598.70131843739,72.21749312629333,8.186636919328013,813633.6937088679
504.70323956275547,0.0,-8373.010045128358,87.47292243868858,2.9604834181660697,1666982.786606925
311.45887025861884,50416.4112884926,6450.671708125905,95.07620755124839,0.24297441913361872,116268.12098778652
373.3386245119364,775.9814955521965,-3534.3742723803916,83.64044435528551,-4.022203782697387,1326024.8784995025
401.4309495875164,0.0,-13748.969511649353,75.88911109650921,1.5638320820477851,351904.06160041614
236.67757967373325,0.0,-13822.882452296382,98.98318410373227,2.0753072147923444,1366356.8681277616
244.18470270989474,0.0,-3855.3600515189682,60.69084608585902,0.6961179385095679,315027.4093409962
389.5668090807895,10405.56609295258,16995.30673579123,90.56461405466627,0.19344472982391991,100170.56773143349
266.7093556697247,1078.7907667359189,-10031.806738208617,86.78618886868509,5.156567487599931,121747.35530018853
207.23474749233313,1412.6304129713421,-16241.47990080534,99.57798454140423,3.955607839802612,769036.292150117
155.9822098569569,0.0,-19533.353702757784,85.95154772224464,7.468756991544151,970624.3001879173
348.73107596982646,6254.533209783,-21361.541936229336,97.71466225996546,4.466462992577175,269750.2236942645
174.26739361016044,0.0,-665.686661431755,95.57513510463421,5.805829688387208,1472469.8290009003
454.0145490334353,7828.059371606192,-2524.5097713969226,73.80119907231627,5.182733661440634,117280.98684306815
477.3077378423584,0.0,-2536.9464833926104,86.96085015716754,-11.986903140337986,678277.8026930401
371.567061214374,18814.200538763645,-13101.037406494366,80.89780607998462,-3.596331344025945,192505.91899462632
420.25909337738113,5208.369404335468,22393.542835420296,90.17109582564127,5.747349670693799,356104.7760992692
372.2481253919078,11181.466292851283,-16358.829260515384,79.84005077139716,6.371255369130344,768455.9635121999
438.55503767824035,17951.620866854933,6563.046902971255,65.54854631621726,4.276679921963735,283097.12006316555
427.28843177310006,34578.445483564414,-12098.080283513185,99.19677869725597,6.447391903806853,477819.7753439878
337.1498348641878,23567.052416802122,-17272.935526763336,84.36896980645497,0.8281767528110926,2206508.7872805065
508.535541002215,0.0,-2228.2211944058654,96.91652692424202,0.9136041299033764,386705.59401526285
242.24717237053818,0.0,-5684.319487432931,73.94409929349943,5.225715721559303,1828965.9734151536
159.37114195562697,43760.650864637086,-6578.467879845124,96.882999166201,-1.3755458511372076,210517.16229560834
153.64550133203898,5260.906387855214,-10626.369668334217,90.07874614064922,-1.3818785919365872,1306398.3997503612
219.30857216103038,16.690695476742974,-12088.208708589791,86.59054790579131,4.609135109347896,3561617.959984306
58.45002072396274,0.0,89638.02030825867,91.6249097201099,5.318947864652984,100000.0
309.5242477667491,3686.4247102436348,13786.633959262428,80.01492170817485,3.6747664889016267,303584.4847602438
404.69528994085846,16263.301650885598,605.0328151409194,97.67834205079059,-0.6553481732653132,1376121.1517074467
473.25788737249144,15065.014156355288,-10226.072624456541,92.90581891155733,-11.021914073332777,583412.6826336691
76.87464251503243,13501.145325150957,8071.973496620842,80.17364575677031,-0.5206611032823858,1097187.297419216
157.20615269145716,245.65221261510777,-3705.687468271579,88.26519011002756,5.962256379886024,375350.7850871784
445.758791255771,19572.26709033791,-11321.448822414757,87.57891197397346,0.564762654258768,802308.7326645792
237.24423411750826,0.0,-14834.121897194758,86.44963209174212,1.5536202750141186,614617.2781178748
399.16208498689684,16406.878387322267,-12578.62079897565,99.33235607803361,1.8197220216087846,2635438.837470999
106.7872308580127,12198.514991777818,-24229.82571167427,98.05545192874405,6.385686955025582,964980.2633561889
592.0021203611545,6294.926910035014,-8852.173212287802,94.9288976295497,0.5786393478388945,1057441.5624517035
100.56707984541876,2168.0404106284864,-16392.652070044725,61.63216293982969,2.1760422154757766,463673.22992768174
303.8450937922323,1487.6765896335098,31016.580063255882,92.08409746740314,6.06437354599262,426613.25402836164
308.81934607982106,0.0,-11405.6483754411,80.2748229526467,-8.242044327258974,453244.0465012334
192.46918063811597,37588.438438742785,-20417.807279753044,88.43169542623517,6.309657001099431,1125679.438459163
363.54460532761027,15738.250906728446,-12226.757128779003,93.07931019572615,-0.08006566872819043,459051.21902076714
369.8937838551463,0.0,-19789.18775658396,81.53290527357127,2.691134840442463,1003247.0448882276
345.65654868001116,7713.1505888745,-4543.280812284218,95.06367870922747,3.484126502642276,7152273.802928915
190.06276788752427,0.0,-7641.238770760789,87.09388115500907,-4.8945542095700105,1901658.9100972773
165.58188155114473,0.0,6636.147941611791,84.61814185601199,-2.729879760982616,509596.2959223062
204.19978243102082,1887.1668716818588,-18443.5381291925,74.13269032527252,2.67486876137779,2734161.360286061
150.10707205682513,0.46078975823714247,-11225.046110575247,96.69965970466721,5.065587242255679,465616.2563711255
522.5356549280907,18679.061487789273,-21089.26590235149,77.82419959207108,3.8967331638662657,100000.0
216.27639843511568,6614.740811218227,118.13323009778833,90.08930958051678,3.2258629536460255,240651.48800602328
298.38679154151555,4405.126555000154,-3688.884662876935,72.2656762036743,-2.8452094410725266,100000.0
444.66894637188847,194.7204642725308,-4126.733195874509,86.76170413457818,0.3209432198935236,495506.21103350626
144.9421816877044,0.0,-11620.792145617903,70.18895818271945,-3.066592529021495,744345.2241193111
97.36562601704752,0.0,-5594.814527930128,96.68883852194884,6.465376083554218,4611579.788147998
150.4772600973418,47420.30354660586,31607.97738614017,95.20794708474334,-3.6422943464790674,1045096.8422957194
319.1897684328908,12511.848691424919,-14663.721517123471,71.6821587571239,-6.020719577011164,573199.6809421208
305.71578454636506,10837.445098834138,-9864.76625502195,74.03792998301377,4.866726369280051,1816361.9669727895
345.2481049099809,0.0,-19973.464136341157,96.09797749581058,-2.0113540045233513,100000.0
252.19027170718502,0.0,-18884.601983465403,88.59919778468162,-5.3331177407552595,945222.8643096463
33.33367462852719,0.0,-10410.87067214223,96.58889117974478,4.246500428433173,1703084.7325411742
246.99549623702117,14014.349288087471,11081.667578749693,95.01299099162989,5.83722605144658,143423.22156570992
480.5195755983756,7383.158163917683,-14392.174545269825,93.37186452570852,1.0302392782199554,2566694.513538731
555.1681330081922,0.0,-14195.963172271318,89.34324772030887,7.532484189150985,1058481.665548765
285.97656369825387,1496.7294915738164,-15736.81445384137,95.90681774573959,-3.547479528234481,461936.7679136579
306.43343803763315,0.0,-16743.805911387717,97.24465667487043,5.245355043188108,1463088.327947807
394.63881951521665,1524.5922807511959,-7578.256872271224,86.2139828658236,3.081739988247696,8866246.915311605
545.8902634253218,0.0,-21528.06234420348,86.89020641545424,-1.3902998372314102,890958.2791100722
270.09326727744104,65535.06717833836,17312.829587961853,73.72353535398884,-0.6120038866707507,958421.2178566916
391.30840160255866,8807.598832620733,-17659.810551605227,98.83457903382298,-1.2134120585213442,440076.128614077
184.3756108090097,0.0,583.762116483962,89.80706610360241,4.881690042028471,286407.5838349646
108.49235641192634,31026.75594188022,-20740.098732526116,92.26006287172302,0.6123031965256676,1818221.526758652
197.87658862481936,81286.61294231522,-609.3261856835852,93.021281722461,-2.3816783382601496,284448.5838184125
620.1955049843382,13109.767766702138,-541.0826296505329,77.39000747749759,4.348959757905688,789158.8109991128
396.1166847890957,25107.55233330058,-6121.445678650154,97.74328309609372,-8.940089541510705,431307.60212734406
116.25994010749977,5938.834832644478,-19541.03587316331,98.75674022667648,2.9112046016725444,1235365.9603526078
407.3223410012023,5473.716736802472,-8276.112415644013,78.73841844117925,7.659462076097119,1052867.882797502
122.90918598640478,7730.130134317382,-20393.381126858214,96.48120410447576,2.9322298989566518,2283669.0470861355
342.31557238536544,16744.34100383204,-14358.538947706194,64.59618794875544,-5.227035586284536,416225.2925424808
140.99757445950968,17194.60311534654,8741.09436654445,98.16529363741945,5.418868315820288,542063.0332545071
111.41535974537614,5680.290621860453,2365.3182783001866,96.24421863929409,5.634532223513106,248540.20760044784
681.4725268873694,2144.3768782641664,-11456.464219776279,79.29593177092833,0.2088316207548715,447430.91008957976
216.1668569431283,15011.245572526892,-19443.775656440605,93.95280324202793,5.851662835664796,1104640.5460814
391.7601870237355,2060.0943012779903,-1114.4502772292399,85.63261138637996,5.955084566070166,1677285.848054039
277.29494946760997,12958.765914416888,-11405.193634086854,62.744190581215086,5.085078789882835,264505.7167331078
130.11432556034623,17734.252313159737,-23344.73571879286,94.91922118876217,-7.299746302751132,1898484.533861044
231.67545083543683,0.0,2020.9249690834367,84.19405384047546,-0.36190556940097984,3240381.5548757897
130.94359975120312,21004.202258385187,-11928.488459912202,97.74713361339585,1.7979932704396404,1149431.917545892
971.3833164585118,30936.928318476726,14426.99934580709,99.42129987857305,4.901764386947832,5748648.799767004
434.6712937293829,0.0,-20014.661753056993,94.78584911806446,-2.303933961444555,311399.483887324
273.98849074963044,19653.85005486166,-24234.165133036502,97.61438346100991,-0.9180054235243862,185512.9233684597
379.1085777710977,14481.140704859443,-7825.595010352492,51.108231212595435,-7.945322475858326,103095.16020784497
417.9377887256675,3098.7208349762736,-7631.607522955826,96.77954240540929,5.453001459159962,3781565.905917202
418.6070102592731,390.3807949500346,-22082.753312628913,97.29299295765044,5.787979167647604,1498240.8661999672
407.8804900025403,5022.47284913221,-19462.212073709394,89.48205028245377,7.615444970756974,686153.6505340496
389.17083722271525,8778.758324355498,134483.53536832152,80.56402011960503,-0.49452531253592014,992483.3235678619
288.4095877383454,0.0,-14852.826758967767,38.73030932975842,0.9479917094248123,211496.14449659328
650.8126263236512,0.0,793.1202594125207,96.82014077520569,3.6235673880843366,10749041.84188939
300.20191704402663,3276.9251146131637,-17561.63641510287,87.89297931341312,7.64733284193617,840828.7572204833
279.09254049177326,2012.3988212987172,-22964.030512566846,97.23813638402878,-6.1606006208584425,822689.6183388114
301.8358622982868,49648.40677477467,-13538.285597709137,93.36852826942459,1.2007011091616047,1620658.7920260446
315.51508965621906,1715.08653161623,-14480.816220911616,94.21249965726538,-4.506542170692708,1238126.805776211
77.35126092362864,9765.433218176515,-15678.213394303906,64.14783251474483,-5.230315518497326,933104.4522832109
149.39744590755848,13212.54097235912,-12949.960124972413,77.87483469961501,-0.33337972783856173,305736.2554585627
252.184710892276,0.0,-8053.078998464789,97.92152231769484,-1.1433637438704523,1225200.6602712853
74.36149766344727,0.0,-13328.622641768015,98.24110840491328,4.454657529058692,5781807.720266865
273.70676672679724,0.0,-20717.062226261303,93.01339367884249,1.5818772779690118,3204164.8936176593
312.9158949251231,1672.0777357696727,-4306.678126284805,77.16579021787213,-3.2559616064726526,4208030.532953345
104.88881633772753,0.0,-22688.69998976747,87.53003845493404,5.076497713076101,415676.56793617207
175.61791058646466,0.0,-22889.503960936956,78.47655045345799,-2.767240252581246,245593.91471167293
568.4444419549756,3993.5216232919433,984.6808487037015,99.08350261637094,-2.3406005475129703,635161.3803631944
381.4723784860208,15232.310162375821,-3914.9772547303546,99.91912535922717,-2.1713930920989615,775526.4775100492
368.3059162857962,25727.602647698524,-12312.859867596735,97.53857068321501,1.8970808816865876,2430507.5706556803
527.8632031150545,637.0214766965131,-21194.904586812947,91.25532731718852,4.856568116605606,113356.0362044157
151.46386591951375,10341.210667314246,-17935.19881849165,68.91185385284165,-8.884410247378977,3923541.9065662785
105.12236375808018,17534.414623514884,-14453.725726698709,85.39899234652044,-5.646282109089997,613043.5837925518
486.2973504884579,4361.541041723381,-21822.991123405816,97.85984395582521,1.7915782838017087,456083.334573781
256.8137938667115,0.0,-18130.310361983546,75.08083112702973,0.9401685200859866,239590.18666186492
148.62414992069094,0.0,-969.0633973949734,65.67310823446955,3.165203178275241,118143.78291357493
76.86741579840474,0.0,23270.448874748952,89.16167762352107,7.503105801229873,1803947.0763834526
304.01589299243517,0.0,-15840.849413771763,92.44430179257833,2.4474468925591957,790680.9094496557
237.85628427601713,0.0,1392.6150984881642,80.11023777731246,-0.37913986757441975,176494.14999198067
211.83534359399047,0.0,-22614.06601060805,98.00281320335048,4.255537266617752,175503.33959353899
42.32713006067483,0.0,-814.5590612235937,75.7197042510577,3.3615761416818497,504153.88648691075
645.8023577836111,15365.053096419671,-18520.19026686145,82.6347768941586,3.395476952461342,4574114.462367528
90.86727153150663,9415.493342192693,-7383.150957487767,93.35175883495127,1.5209644684207841,548229.6313666886
225.6866988240738,0.0,-14310.440209784256,79.85586633910613,3.0089117723155923,139600.87700620538
201.31154883256778,0.0,18843.099035656785,93.44847984956822,5.226075173194835,556644.8089003579
388.430604632656,0.0,-18918.492328574663,93.51900091582472,1.5364659721340281,540367.1383075487
77.55097443474928,6662.03460729377,-1497.8856645656779,99.20576945416792,-0.09635973864017267,100000.0
360.4781931826667,36344.05971852854,-14611.618646918258,69.64628160319299,1.1133657012879397,687127.845849136
304.9689415118851,0.0,-13414.320717651932,93.15210668151236,7.63922939134176,565786.4656152959
169.72353861670496,0.0,-13677.677527184245,94.81095115098178,-1.1014074298730172,1568808.5459522232
352.71511688918883,878.4484961643178,-18759.00935511934,79.42927759096091,6.050387457883998,5575272.229042831
273.39685851745503,21820.352920146535,-11808.724663558987,68.82024699356428,-0.006270997245481524,2518619.6022107517
736.6753965241176,0.0,-12372.697672517994,89.94655186101959,-0.2394705456041848,542651.4198540078
237.71643051640595,0.0,-8400.69304845663,92.04918971096284,6.916018841594951,215954.17262519998
135.0087367762595,0.0,-10584.567240052858,78.48848075447614,-2.5460827291673755,12368899.603927173
362.6886165030947,7561.157344627935,2397.1725282277403,84.93807752500068,-8.7826135513512,778512.4616736006
218.5305005097735,0.0,5673.6038549615805,80.2707786915476,3.2501526116730055,740678.7104420513
269.87485732613436,9082.091076958086,-19810.259316049196,80.79866126213882,-0.0073531727432651905,710313.9995778146
105.77168926059409,0.0,4199.160870496751,98.0078935239612,3.8872753647919183,906995.9255360131
392.06327418683225,40938.32207301406,-20406.960815685226,62.81028447404032,6.083870942549336,622316.1652778469
195.49801983175453,0.0,-2323.8203173904985,88.14199508555872,-3.1748341856557474,388081.9440965355
319.84785870674875,0.0,-1663.710755837743,65.24948653140956,-0.14032837475136972,399694.252329807
845.1896797241802,13175.646486414302,-22608.168193706173,91.78277047765685,4.660669182802726,703604.2996542414
228.76191523842945,0.0,-10474.204877466547,75.312958299622,5.976792878850141,401206.9876340466
424.8478251423622,7118.350812257012,-16236.47501993641,85.73088149552252,-9.317666220952958,332990.6328725642
239.28514591777332,0.0,-18251.258865653836,95.05550166787941,6.5921534971217,820011.1776771157
171.3384588804822,6216.950584419911,20060.760783370053,82.61457838348181,-0.8921651724191975,551019.2702957713
580.1877365058178,10576.221296761058,-17581.821851795852,93.49738766045209,1.2757993709792697,3814775.168609418
60.02705734975874,2649.6795779001636,-18534.33748077544,72.98340220430936,-1.8603590498807687,100000.0
491.6537316913614,16098.652047002044,-10698.41790696915,94.07417231016241,-6.685365636178041,2423340.5458459165
54.17451559399808,0.0,-238.85990277015298,88.06452481000184,8.756574503547185,2872501.2151893927
461.6806027673709,0.0,-13239.32905947519,87.82172597859451,5.6940472110771685,100000.0
272.5292840373973,6571.263126553488,13167.265040495098,70.73270061672545,2.578279413431738,500340.25027139677
135.27961860549834,7679.998865668819,-3455.4514552812325,97.42130027275817,-7.374589408212017,484762.8335866739
204.52657459009308,0.0,-23118.904098643932,95.42587289665646,3.7332986753822226,155086.31871220347
411.04544010907523,0.0,-16704.406635610674,74.70488636482851,4.404628272627086,310022.9616788424
798.6733417869206,0.0,-16942.632972680345,83.81602463850754,8.23690456869784,214994.25159557268
80.01723982392133,0.0,-4433.375765179389,69.00873008803846,4.717617229654464,5012761.344372546
141.3633579391743,0.0,-23741.5140514668,87.6307249494524,-0.694271802442934,2041603.7980524416
98.70054596376589,0.0,107469.63626008693,77.99922294967824,2.551776459428675,2954117.755936015
238.00491576479425,0.0,-3454.4735338475766,80.23551384630635,4.7951001188429485,1613375.732972677
469.137273647729,951.2279266610866,-9724.75041231037,84.05112088359135,-9.44321326847134,210668.9139021535
88.68025802363495,25207.83466513217,13692.882399492468,79.61540445777786,3.2696077901417873,409637.42046525556
267.87050644194693,0.0,85115.89130947475,92.0085261722012,1.5214770514777207,1249572.458223748
460.2246488228595,0.0,4251.085998644718,63.79207837199331,4.98335993811994,190167.28482395186
202.5353474462765,46372.394845926334,6380.180766185327,85.395870392112,6.101829658990598,1598055.7198456803
306.7482398783872,2463.081398462727,-9972.742134584461,67.67298630150711,-1.4525128215485772,559972.0003162508
555.0672862198675,9734.54857646892,-13238.02885274054,80.65216712940101,7.297814666027318,482963.862838259
122.99060022062852,13812.266976869767,-16293.857409497492,74.44568443512514,-0.21191302707825344,1594476.40092343
65.38555379925185,13074.660221252449,-18648.163850712506,89.82835780319711,9.068397567622775,1189079.0318439645
330.6474786079489,7698.973422779365,-17801.07268216862,84.77495210193766,0.5509475780927282,490380.6560606087
336.3739645560025,6189.258566555203,-21038.018206010544,64.13784749280896,5.856666761393438,2611049.442414789
193.08470711562214,0.0,-12522.08333139008,98.68180569982424,5.311891159187428,222088.30224722603
167.977878799725,7457.353284910218,-22066.9468784343,91.986877581226,3.2393156898802733,1436225.6694037523
276.0792954679206,2662.890776357088,-9135.727112585673,90.82437126911356,6.294046033211435,1400600.1534520814
121.35757354133048,0.0,-12070.03903566294,85.79726336772346,7.758822916556303,518916.83930405497
121.50023158559223,3513.653983505424,-9751.418389719262,79.05547484739168,2.8519368727220904,1044184.049452809
409.40994487329397,905.2544446790132,-16649.45916019049,92.32579820335516,-1.7606922915807637,184199.569556937
115.29391882051308,12056.694789440766,188027.02895909527,78.15068705771688,1.033593678172057,2015604.525710393
68.7778868717819,13566.534211504082,20438.012350977217,97.53187009530856,-4.004289386999032,595173.1495930898
167.7427410313544,30825.69055311506,-20641.37573969448,78.92810349174995,7.5601207936718975,410448.0625380005
196.29428529276387,12905.094471283257,-8525.29787661717,81.26719452656533,3.70692307140998,2312662.8058506325
360.45410178321515,6357.816611590896,-17270.53853207966,81.33667101775208,1.9301870784683821,336119.4697243335
178.09528814950963,24369.17796569036,-19638.665237258494,52.87653799647115,5.3091987407085535,154924.40604499122
610.8548356712483,11657.028943570378,-21000.45799023289,79.35734369423274,1.7354525934537666,131624.4287075976
285.3632312633196,0.0,-5287.760392282926,91.9899546268469,-3.6031822991251268,1420629.9336847109
151.76919676328075,12515.497096119054,-17764.477980463562,74.90524732629477,-0.36945021507125375,178354.37345726998
351.1272955494203,35792.52454385181,6921.767461213083,57.29533130724518,-4.62595550638893,5026696.667445174
604.4644791893446,7570.482103930677,7676.256527723443,99.6230030268983,0.7557623403099019,100000.0
402.6467343256498,5271.597250986596,21005.80884281442,82.91692497031127,2.528735748620919,4714257.59244657
84.6196980763866,0.0,-18796.60556623013,93.77095608686157,-6.782005321965801,919991.0437494398
207.90357870041456,2463.3148683745017,-4507.196604332028,77.690919288638,1.5529063119273374,655802.9075284592
316.74546517977274,8504.895458929768,-1395.1189217451174,56.083591820032254,-8.68960876525875,400548.04646909784
392.5675359850185,0.0,-16281.17602630054,69.29244200110742,-2.694124086233705,1131494.321843495
238.96490138785236,1260.7612714135507,-18329.79923373546,87.89223483896372,4.675373317747352,699836.3684431727
217.37235287984018,42093.69389951839,31872.579619006465,97.6504864442244,2.9425267510972786,2454987.113757024
733.4779063858336,21105.63891805573,-8604.76064961365,82.25004310734035,-6.70564331376314,827074.7968672824
406.255532467522,13250.96236337608,-1320.3578815983237,86.76827465860863,-4.006920460871736,860554.2501894438
351.80269989251036,26442.217086703207,-18625.049601589515,88.50874176696018,-1.6675261878028387,488955.4043083265
183.32683591241147,1253.7693912081324,-20541.15973857284,94.40268354376035,-1.0013310485628217,685127.2140250315
120.06707210095068,0.0,-16997.612585475577,47.16797114377137,6.51406033199698,1023339.5909191329
355.6141800001293,14917.559988673278,-13051.264314940081,86.96575864592117,5.99058384174285,111169.88080915411
433.2843135629534,26460.95986403136,-19873.37927076332,61.57951280389948,0.997984147839702,165544.61850533242
269.01279808591147,22950.36211782825,-11758.121869142336,91.04342344635067,5.2511202672440795,1652154.0898237964
406.9149620634624,4866.627637205715,-22077.059729061708,96.49148387980652,3.208036090765023,880241.8532565555
413.2233501223386,42422.833055966956,-20124.60054395255,64.86392508989015,3.480562609598193,595774.9833305067
450.66873391247657,0.0,-563.8194251238092,99.36430034057815,-0.7090779045633493,744357.959426775
83.48853342121217,0.0,-1996.2743114842378,56.727259029762465,0.8080185815318313,1069112.9841874228
211.89744900671363,0.0,-15610.841879521624,97.06502437323566,-3.442631616696781,402827.7586428346
368.8407803350079,0.0,-19654.490605931987,98.79371037739627,0.7132626353283076,309856.5731245024
278.89125517364033,19205.57751830118,-19700.66402674142,82.35449966147966,1.0920864618911157,904764.3306129186
414.00262098341767,616.7918122609963,-15452.2712434259,87.56241012340175,2.086040030373634,248647.11082328178
351.6726362683899,0.0,-1137.4242496439729,97.9809844514962,-4.522620517513403,1142898.3786834734
44.97106003830624,0.0,5804.655871911589,99.72907843875477,2.0386676691891044,112101.28089309562
515.9332723896921,0.0,-16454.83044401399,92.4587648229299,4.76893144575281,2262704.191924417
194.26035255314875,41218.38269817822,-20269.165861304085,93.83023471516834,-1.283919036304722,1226723.3512338712
145.43952904119058,16732.593800219784,-7998.45886244531,90.43615433522547,2.571755905616291,966689.5783463006
505.75621181601895,9845.806361359766,-18633.414819332073,97.29924544345998,-2.6122493863533442,2149960.617168575
394.9220675685797,24885.334985055673,-16620.256159705918,67.26191571989901,-5.334283640013673,4556302.006107628
548.1992019260548,45096.68818359153,19035.37122338618,87.91184453776395,2.934273766432077,2226200.9293912346
318.9299564672105,334.6987188636402,3124.7116134230055,92.60868967439234,-5.04903019596564,100000.0
210.07522918301478,60701.560423947565,-9599.166951050667,83.73798458119451,-2.784289139811369,178521.68128205652
296.1587647122939,1351.0393538895632,-20747.455030729147,88.27084923539802,4.225082129579181,366846.7865521044
127.2676182204136,25261.353431682055,-8840.604717725397,85.7877003683236,5.197352602519513,750654.0373004109
96.78642662479578,4934.53663779886,9765.87432208586,84.78612766053124,5.4311270521104245,1289061.410189379
173.93647233321857,0.0,-15472.575571230022,97.78701720172928,6.0491946585836,328299.5738805021
645.8966244206317,0.0,20071.377599275256,80.47335225596282,-4.28971584264902,895774.0115791798
186.3774766992737,15490.538815856959,17764.806298573792,97.46672524408523,2.877655777334631,317768.6160433354
69.99551175796668,7193.583217964271,34716.25551071872,93.48190485571463,-8.033219047829391,372253.52379570703
243.4236206467226,841.6585768222279,-7416.454764982238,90.97331838805952,4.624343703209276,155231.49432047753
184.6802374271137,13724.167314218046,-2333.2917550289167,65.78148910231455,4.027174619531634,264195.1805624172
521.5277467702153,34903.670292512965,22703.90596096086,76.73974449247763,-0.4394515024249923,164908.64515434927
618.9584594478143,7248.530541137671,-5016.653246364502,92.32150107233764,-7.546078743120837,249331.7010621593
203.59220747309564,0.0,-16490.918337550254,84.99085623012596,4.178082016264928,2324477.8154401304
318.73778254964947,8766.47283557948,-16077.678521729997,86.2644227250899,-2.030185968300467,256699.44948834996
335.57533693939905,743.569736852278,-8440.761238133156,95.84264127333279,2.0560245023958803,13198586.14141674
261.5006156368213,25762.663593074067,-20818.209762772545,96.50385716432184,-0.505796394612597,1255004.4683362562
231.38956988371567,26259.908761779196,-13256.36141230503,99.59439516545528,5.033468348845743,893873.6705529158
138.53237458208136,0.0,10842.599903466573,88.72253604882815,-1.3768718580776493,283737.967559128
61.23478732606802,6533.520326419354,-23140.85583596918,94.41255645171101,3.1935864006319683,1575905.9438958468
137.9504150089932,24125.32981315172,28158.531676642306,93.95569628072896,3.8678168096877554,387239.4022197932
255.53863793345124,0.0,11685.497660520588,84.32905335403595,2.228686009854856,834185.2642915634
88.80217233220087,0.0,-16167.33689296254,81.52943760587131,-0.8482023791130366,12189591.527723785
308.355984850742,14973.04123295821,-3213.3702787205802,92.73972048433447,2.758976756046657,656274.2931281697
282.4420043519475,23015.337393430425,-11602.372015125171,70.2757504895033,3.833565915923706,2582324.858047415
184.89809760302126,0.0,15416.416547411383,98.49940152376814,2.6253160639243047,336551.3216084179
224.90746989578565,8020.143736933179,7351.472882571026,68.66174359815503,2.724605830832453,701876.4430413917
101.37741624112849,0.0,-21210.70089167049,91.66609139319597,-0.3839169523016537,5115985.969482302
445.8229889064715,11684.29626240494,-2335.929047802674,83.86764940704735,3.606454980025786,365980.83090428665
441.268731499756,0.0,-13897.39625159538,93.3847809616289,3.6962590638481423,5355814.835587098
115.34524294350567,3736.301003116086,-10606.25072116579,87.41943828245995,5.007881101415051,1588859.6712499335
117.85229921386482,0.0,-18062.85705649596,73.4486977039616,-0.7379875766563355,392890.6258988454
139.27706574110437,12715.736947558087,39429.27323859972,92.68099746190211,1.4564779749182808,1462486.3328155128
380.08158461557804,3065.533510042739,9066.018378332468,87.92904784475834,-4.476107002914933,2126121.30601625
334.9193835978159,921.5436304311984,-18134.89953532908,49.68852741286941,-3.517180471820062,1445536.3085255427
502.336786224095,13908.732789852631,-20980.750575806873,91.10016269439105,0.9994867128338729,129670.61821325685
536.1392492635815,21639.30569882432,-15558.268800342346,92.35075962900365,2.4925200008184376,327796.7748902603
82.48636698292795,11116.208861761377,-5247.163476056707,96.85222256715514,2.0422134586906004,555558.671026063
371.8244541495386,3857.7319181537105,-8416.139214865292,82.69016327412427,4.417075685566837,672073.6609385508
523.4589245312928,0.0,16267.045980339863,75.69178409500479,4.976956710755455,1443728.133205344
215.34191934017753,1252.4480365607237,2198.7895637938673,95.19762131114892,5.387510332335868,886885.442243137
265.8620094173282,8746.475113977058,6971.882484946476,95.39700382577004,2.833577358120926,167899.55713969568
240.4028704012884,0.0,-7071.088426435275,88.70697283453325,8.619097429288283,1108166.7552646203
247.4618495999713,0.0,-21173.78576551154,90.03402453449914,-7.1908911091699785,1427798.520459734
444.9050864216797,3390.2266010049907,-13797.734406415395,99.6650695282223,-9.795907522278593,1350208.378198241
717.6504725302337,0.0,9685.630235588636,90.63132670355965,5.683958485175938,2394916.1986987637
598.3103811057289,787.5715603053516,-12245.628375515445,69.87827527742519,-9.633537445906853,1825408.5263517445
190.8920845207939,7607.321567186389,-3989.4214202855255,74.9135952552618,5.6477849918914105,1208750.9203445816
319.3733752317712,0.0,-14972.09970790533,87.90095862831868,2.017782401225774,675236.1208789964
154.67720818101344,9904.226746623852,-19712.137725325487,68.24716595569835,0.23809567072417437,117353.14171903231
166.1057719105815,7238.045969615794,-13043.978252558163,73.13053931103741,1.6346191792339404,1170076.9116259671
258.31354964923196,27408.92906983722,-7356.147547252651,73.25719549428244,4.187430521440935,916627.502832692
162.95687935099534,0.0,-17595.21973431811,92.55574955202952,4.346706796316254,983366.0604571655
180.4113556802802,10569.091067336525,-14193.966877128025,99.81532782495502,-2.0999759593251177,179077.96821331902
314.6212769031826,0.0,-19264.196741809246,89.01895643068939,-4.697213702603289,222089.9603448695
368.626109473837,1107.2119656588243,11582.32304506268,79.79232093987603,7.428353751475181,2323227.960004727
362.6011767382952,0.0,-14750.44244600733,82.86685003306758,0.9084690898637433,698359.5269722783
364.82334836028014,0.0,24388.85105769054,85.28127740894075,-0.8921344972784695,1543635.284728749
106.9331853152042,31560.134511464308,27884.896436710304,96.20234376413613,1.2444047128233393,752495.4384629257
157.1383062356828,0.0,-12580.058668675461,90.15518592657634,6.608756810150837,753686.4814669274
276.75889385255186,0.0,-19609.485355456673,83.78273021048594,-0.44213939626502174,2047463.3334203383
509.3068584052893,748.8059018687889,-22955.94285158478,88.41561717812209,-3.665379099233835,413474.3660750438
950.9423871104618,1547.239180025694,-21448.353299286486,77.92193821025747,5.054196234161428,810764.4561787986
327.4419700335318,675.9939174000758,-21120.162083715768,90.19379702055332,4.224254689615824,438667.5791930541
419.4137880091698,3073.6037566653076,21194.80684111632,73.35078831238826,1.1596654318401445,452278.830303792
97.98734265283962,11689.405787088912,-10172.451294675966,96.85925617162142,2.3777201430802215,519130.54597252887
412.60382237001437,0.0,-6029.430725400198,97.26218101030047,4.206550976148058,931309.6951510598
804.6381465493645,699.8528570094657,-23189.024205528458,79.67171705300639,6.113942201677418,430790.21746409236
156.7313600590923,43773.48451101432,-20454.785438698473,99.21880373826616,3.9240380779068804,2903222.0738389553
184.5082366327258,27693.112226638113,4684.247557032442,98.13511726851179,8.06679222396805,272646.66474866244
453.306897971736,0.0,-7706.314719851653,84.89517800674635,-0.9934013408561277,593885.127397104
274.51032146754255,1204.938596979284,-13297.997626427143,90.66836531882213,4.7171912021795395,449681.9508161034
56.96381468229197,2792.9029662560893,-2788.66278778153,84.89270043869098,-1.9252789406320616,3582873.4381420393
192.26188265338965,0.0,33233.61390618045,87.46499624168962,3.003408836072995,905470.7508820355
617.4434759753522,1973.5787784215086,-14050.36082314148,82.46285029421814,1.4388049830857828,2269406.708529864
223.77258661213185,10964.65760456359,-10779.60014170008,84.39864182665238,7.114209270717694,142327.1542247379
223.64902009951422,0.0,-9111.716546444182,85.36532966873058,-1.4247314375719977,978479.6734763272
436.0858090264912,0.0,90024.29797269663,65.8620376188322,-15.764233844576225,1940767.1192718307
334.80915806684766,68353.32138342925,-22980.55224980837,93.79649281256116,3.584081157761525,798517.680235995
215.7600773871925,17295.120282326683,-291.54644358001315,75.3597765626237,1.5257988512057743,2354946.135028916
176.15786971474571,0.0,-12951.710530344882,68.17411262646816,0.9411757291047529,412909.08101592143
1216.244196487166,0.0,-2750.0608320537576,94.6820152014993,6.424250452689968,3437593.374930337
557.6456325135523,0.0,-17606.43947219016,91.51892666352117,5.796671116787466,9145641.051979268
364.74014433116554,12136.177336604831,-12216.232612718115,71.89712796551531,-0.5605583229485198,489371.69075426436
379.1410827886254,0.0,343.29612844946314,93.78684804740445,5.052465587025367,446836.1387714205
248.4639485702889,62.94353283477502,195052.0043786121,94.15332310590988,3.0372705493702483,3608212.0291405166
332.32170036436287,16649.69481668795,2645.896035686339,56.4680661163545,1.4280602100794724,4145480.9048983324
231.484965943819,15400.774149091201,-18772.433274245555,81.4806093206798,-0.762076751289122,410386.20968062483
146.74384401335277,0.0,-15876.431529673115,80.39197187175293,2.8233455970852397,459454.181136021
340.46175506259215,10089.70359813858,-16116.70964831651,90.28277138176148,2.7179128650249407,535007.9739002072
218.4585915120209,8053.514768855593,-22345.740081741173,92.39333728405211,-13.640436162104624,166226.14140311402
351.4865095814191,364.46792221282595,-15073.940728487602,91.3464931743906,-2.939020109149247,265529.933945796
392.5966792197073,6127.908012881777,836.5690825909187,81.4494997864033,3.4826702213904523,241698.20898090996
362.95400626522064,0.0,-20756.298796377498,94.86567303138689,2.6702720961313355,313458.6330595284
138.2953094884314,1554.1671854944136,9325.176956449948,91.31723329741412,-9.019998887084007,702110.8832446155
203.02660391299906,47101.120044959745,-4277.044234472491,77.21751409446686,-0.7823961227265563,943768.5224502932
221.28226495856342,13720.369863212729,-18100.598068558294,97.92090933184743,-3.8209169180728413,4015010.5864948826
483.2579319428623,0.0,-13238.069967506965,95.5143794257501,3.576557137759872,243241.621431881
468.3130880169591,0.0,31302.241502396915,49.76926867680629,3.9965260821930695,2153822.305831753
163.724589893489,7492.033579006954,853.2870938296983,96.89146686189858,-6.629841098923908,576431.7767959841
105.03862497345831,0.0,-11534.242112421805,84.41485617306645,2.3616293940217004,690789.1504685902
977.3514868754843,1529.920644572717,-14213.129115737338,61.008750933373236,2.4278344842723945,1532332.1921484412
354.21917663487454,2959.0605828575294,-10686.646905066269,84.70200774016111,3.814650404100705,212140.86197366845
94.68324595421943,0.0,-16571.173822272583,87.75846940016342,-3.5354002380948035,1110866.3016180613
182.45587491602487,0.0,-22990.33073074983,93.22682682547435,1.190142252273553,875979.0280365148
495.358485097193,11875.592387531722,58948.611224586464,96.48500640035968,5.95509015375157,1253808.6419553114
840.8598479739971,9667.923261862068,-9635.844672037658,78.77952313325491,4.2063788784842435,1002578.2683662489
760.2738612349024,38349.446236612916,-5883.013992085318,98.87275430699972,-5.0338473910073915,10862533.731875451
345.07013024888573,1132.7374433791629,-12318.709146822463,97.9629342763819,1.076219529865627,361669.4735852048
270.59668921929654,0.0,-18106.08181563783,89.36249789140265,-3.6069752024838877,406729.3882287605
128.88263301700815,6460.309661573692,-13698.75735604305,96.69152074221799,0.1798597825994115,367524.55838244315
285.4309615903502,22878.230900069186,-21832.98521803582,58.556813796860055,5.615535350177855,395923.0562362412
141.74893119645634,0.0,78712.49183527878,94.23441916863308,-0.3927384941425096,361809.8801763579
204.37164939083596,0.0,-20601.8503321714,89.88930027344027,2.2608518212241027,2697721.765475552
453.0203852795307,0.0,-19722.380912844925,81.91184203676832,4.113171940211094,3480041.1374560203
230.72062114379213,0.0,-16010.911642380448,88.40355997629953,3.818097528031551,389328.63145055954
220.5775332648713,3816.75419629283,17585.459698696744,50.20664464828942,-3.4254158999570805,291970.7396599374
261.2325346225972,0.0,-11464.676546342274,87.09387706435969,0.913347982668153,1225129.501673193
1062.019128231507,0.0,-20608.27317222122,98.88781453884673,1.2580336521990567,397342.79528436577
118.89486476913646,0.0,16311.844296821095,51.93824475267088,-7.505634565020834,1463329.679610867
322.7872789254056,2993.08822935654,794.0871421479023,95.54840394013809,4.669179385686832,911835.903903195
720.766596613997,0.0,-3310.32843456676,97.65337222860093,2.4641697192047163,137679.17979003748
260.72944146382304,0.0,442.1065090241427,78.75952808605713,4.40447688710614,4001803.6160222655
551.5412266170707,19688.43044303989,90257.69315568193,93.28450533337701,-0.28550513139309786,5259073.562531353
99.65835041767897,0.0,70471.72463725138,86.61760069992145,1.1726853282222223,371733.4857986347
235.7692651781601,0.0,-17799.13676694734,76.77621345515078,3.5029590204056404,476169.08183086646
152.74132333309146,0.0,32612.595435258634,88.39507460779107,3.0456637405129747,998941.9319822377
258.9399638101644,24457.28544050322,-6139.003890423381,75.16436564776558,-2.7288418939845815,1053788.6529833844
262.5089992969727,0.0,-4064.8208778929584,85.60196915832056,-4.45464983189018,1505143.3487078035
280.38411369822205,922.0257879588326,-22086.949037896367,95.5374233666856,4.2218198172316415,6657302.914105932
450.50021385427164,17667.29464088734,-13539.600945745844,84.78623970954052,-16.351254270247733,600404.0052908267
40.810215812668304,2262.123174176993,-18571.742605901258,85.62322982411607,6.4870767430084495,303116.66124713654
176.88448563453215,0.0,3148.6009751535785,78.17466138084703,5.720334887100789,159971.16339379453
309.1342514960438,0.0,10030.43206867444,84.68709112470269,3.21634888275974,326432.0063920752
59.439912709869205,7731.028302218308,-22934.841445918057,96.9304870630174,4.836421732346734,703315.1264174564
395.5431615730721,10997.40740111474,-11902.60515791509,94.45629488187878,5.197592116667633,5251444.028890164
174.57605732544621,84938.06255408168,11668.573317211463,94.32272136343913,-4.269734736429612,412762.4690677672
238.7493366802555,2179.1555000936323,-13706.428670484847,82.37768781916975,-0.48412281112661404,933005.8471044183
462.8222839860864,0.0,749.1599047682175,85.6855111333005,1.6635303585337766,716357.6370469517
566.4564816481516,7562.740215371794,-6674.497996067046,99.37495472360045,4.09503744727867,2695872.88599974
402.8960074130339,0.0,-6830.5987394738695,93.1039064746111,5.611690543024069,11753077.37432014
116.37159890257693,2592.759955104797,-14534.73957671622,89.56299276870332,5.73292850268551,406786.7412336087
390.75863399421934,44719.485903282504,-20530.296848786827,95.77405846928497,-4.233139184787312,425753.8380279617
406.8210220010002,0.0,-20131.102193712315,91.23714463094728,-3.9297422962761974,2300361.781366627
359.42475329121726,0.0,296.3972403862499,93.60367129673081,3.1274643953219927,1544298.9921559426
621.2426038561388,71573.2882295177,-11404.25126330137,96.47921404092568,6.667756405984381,5561498.021749314
285.0895893395463,0.0,-13206.085231473824,96.415795493781,-0.9643171752367827,1386538.6281793336
607.1848896213338,6587.795062048258,-15877.50188289038,96.83927115760841,3.1133950379319186,491284.51543956593
605.0076740043982,16594.482667004795,-14848.974244008687,89.51304872664923,-3.015227160526777,1396836.1073193494
413.78343285974023,9918.98868019786,9276.683307450752,72.93788527091371,5.774589321167977,2469617.747772831
325.98273197057534,8129.3153500526,-15119.87614772433,93.22350750297491,1.6992581676098215,1798620.246692548
360.6963967205786,6643.095215291403,-21004.029497323594,89.1807139994384,6.003867152117987,1274419.6216291355
700.6997663384478,13512.929248320012,1089.4578516598995,97.77837034160663,4.753890719038139,2358041.9691624874
508.9153748735236,12855.950827188706,-13889.887567474549,87.52326732240437,4.826301663708668,2639830.1857926
126.94044068366475,0.0,-11257.393093314124,88.12756444371176,3.1870468548286146,3336306.41793384
346.8120215638288,9572.495769836392,31773.24617840274,95.9031215638868,-4.8630912840889735,1488948.7266949948
147.17847736171703,12093.79004230766,-11885.215004451604,93.46905698750948,1.4651339905019487,606930.8311984217
170.9897098807062,12669.563886197704,-7668.770859138793,76.16339413467881,-1.9051783228328407,857164.4376484983
209.8926986428069,3537.8704493736004,-20376.2152538454,96.80198524068133,1.7464022666561227,2750133.0853904136
92.36763045274563,20337.72233487871,-14036.821880394225,85.84980835197878,3.701078858886671,296965.3552271709
140.3605944489895,382.83042978589083,-1877.2227073210452,97.0444671175533,7.852153711468039,1094207.1989277832
641.276584722464,6573.66460619236,-21704.992775354407,81.32411990930255,5.638604496622193,473225.5039685591
170.2535519687355,22726.421764896815,-8993.333290163288,83.60062354892086,2.0823369955907376,752848.5104705152
452.0318496710215,0.0,-10371.719342875154,62.705800062546004,1.3240386280870222,2976614.232202914
301.54935055196063,0.0,-11134.50428995245,85.05420812799393,-3.0395908298506846,900053.040826801
380.47844101988665,17809.347106717087,8977.132669973136,93.69314570624397,7.193352078077892,767643.1095160298
390.40199251110164,0.0,-6948.308642933804,94.92950530579088,-11.565963930647577,163432.97475296445
135.88762059237465,23862.45244082694,25527.07996754151,97.93293554462649,7.869841020949192,1657596.0078121943
450.4357852135198,19921.80749607693,-19536.912222161816,85.99636442920435,2.356558258659309,1483674.8860919385
107.40416244327358,14128.279519847978,-9901.780370862305,70.12325670093038,4.333431122371413,7877965.125140326
165.3238034337784,0.0,-10585.064900819038,98.05413020020373,5.591868608744216,519927.1276235411
386.9519053146131,0.0,-19896.555639192426,87.84263255515548,-6.9397192007379935,928258.3435114495
129.44346582616043,4543.621390990354,6592.198995972343,98.79099007613267,4.202145713163929,959648.2135630997
54.580955414351074,8147.636199425723,83250.79341076067,70.37675866019481,7.33099513248985,4135830.0658782213
336.7797873932591,13718.10722957236,-11843.193174935586,90.1341054122644,6.3476628702650615,656826.3232679042
79.9759129368413,0.0,-3952.8806987998432,83.19061628018075,-3.8716478039749287,991449.8823351383
409.3557398217148,5099.048502493267,-10584.394295479768,89.09380974936147,6.236238263211471,1423581.1062058564
220.21418399131537,97.28013350070452,-17971.1822602562,99.38471001413596,6.806079488633586,895618.6929480409
333.78717777780423,0.0,-22405.067587508398,75.2458198454024,1.235651427746351,446378.7223802425
329.9378767285318,5045.229423722744,-17921.595096321576,96.62536934455744,3.2140139249462285,903019.1074916366
427.8934129070113,19898.22650699586,-21182.93356683391,64.03846717649185,-0.08381325156473096,2376156.738915051
393.8819820916645,363.56457013875547,36925.781244265876,67.4083700557572,3.6851006939312017,235822.1434996804
128.5906780134356,13185.928984315024,-12955.04383865996,97.21359239942247,-1.5283169724388141,844302.938932339
229.22589792918117,42574.32355760135,-15214.34708360983,59.34492151934373,6.56694625846799,337684.4314410408
333.5422875506883,2874.841635252635,4739.709212471324,93.09854641034319,6.969108007381206,2715675.5229933034
613.6369249313939,0.0,-20132.07032591914,94.6084171260806,0.8005422265618307,136556.59249763988
396.085151451953,1438.1179502820992,-18300.270939728754,75.65703708562476,3.2084210038474676,394425.6629799148
582.4654635377897,14739.740115967144,-10796.196748741211,96.82380971927451,3.8780042321236605,1104532.8712139435
344.4835873019267,11995.348607848806,8721.54037035723,90.95800779345986,-0.9611664485202418,4081913.502543919
514.2358745094787,7847.662025569003,-4015.9786150856016,96.54033510032754,-13.189998757601657,678523.7170852679
316.5696568676569,11052.631390436985,-8294.5109794686,72.09934656198442,6.920130783201113,396043.97047972673
501.73434492190967,34033.57896646323,-10667.199058343134,74.12943091600297,-5.148090353702726,5776293.525467165
212.73651606800135,3277.831866983195,-5847.045398849183,89.96462431773965,-1.2106508965762188,148328.50324281777
655.4626397921722,342.3447889500124,-8981.691718887034,95.78815688093431,4.030752920997945,100000.0
368.66529188126066,0.0,-19712.901150863858,82.41053355245653,-7.602440175957533,1183534.5434635757
92.88262419737387,12909.898931468537,-11074.578975794913,98.30938768235275,6.334415958766631,419886.76770657883
340.4964982559492,0.0,-19916.881617955125,95.161203476181,0.10491184784814145,237196.43136482564
396.87611419552576,0.0,-10628.903390103313,97.28089903090546,2.884120153629844,1589916.5555439633
459.8030025598011,0.0,-16331.796386251015,99.69924017011344,4.030122492217614,953772.817375453
790.4542914467099,8423.190533051604,106326.70916429002,97.54285958958522,6.005959025410372,392194.63216994697
190.50792058975142,20786.013647524764,-12111.444131580269,91.70092197023726,-18.063007808365178,178378.88980947022
793.5568240399919,0.0,-21224.891547669704,62.429818248711875,4.058873687660396,1904448.5719713036
270.6533322720342,12733.791346422096,-13160.013000872053,99.2664813934391,8.418288864816619,1491393.2315391018
159.6665502022533,2991.1334715941034,-3679.5311084690366,75.1505316800063,-2.1901116992145635,654028.7239205507
193.35365016755884,4695.974956909916,35236.12603375549,80.7100379986394,0.5644219927624015,5561067.786126613
382.63645918493603,0.0,-17140.385487140004,72.04025815171138,3.262205671193109,224786.5933366831
143.50039405047102,4252.502982218278,-21784.253433068876,84.22883782382517,3.6215224904551224,136205.80759446436
215.18190268376443,0.0,2865.741505436312,81.17853249029157,2.4390783981532973,340748.9005963822
335.27786510916275,0.0,-21143.708826457743,88.3681612410418,-2.2446972408507566,693741.9788854012
652.4707204144223,0.0,-15977.65007787708,93.00026776415969,0.4921095657404262,953289.0044850917
451.893666235669,8339.95352525563,-14404.95664159329,88.31365843264005,-0.35649576449290166,559411.3428495348
277.76221279567034,0.0,-12451.832825404193,76.56939870028936,-0.3535484368463475,1074387.1201426703
381.5728715936852,0.0,-159.0690956210783,97.46124281671112,-2.539222600260473,184113.30468250928
314.9978372610225,1378.2467947952257,-17779.14138947075,96.47645341424659,-4.470543588521828,3570231.738808489
115.07941687555127,2828.0427007993576,-14557.454296433869,69.08870035435885,4.68871119863525,666392.2257785677
719.6811304942104,10949.579432621827,-11810.759238942659,88.18399660068053,1.2413863221476298,2493069.935218341
658.5786521478017,3611.875747078812,-9714.832973136825,97.51523142403856,-4.113277595326224,1063417.0155602926
257.1557644398741,4996.142619940671,-10410.68840239983,87.27165576221441,4.712104182124621,1205528.4072982222
198.10268305023484,7670.207300408512,-5220.423435350462,86.8419932879455,-5.801836189084806,1365107.8688199515
117.06134388703263,25059.021948777412,3551.237486410144,89.34591161771779,4.740049010356021,1193593.9217118125
396.2325937216259,209.38668846356438,-5977.634373795943,84.79255127652675,0.3019687221315053,1479174.967413261
397.8026981079626,15720.733474050767,-4904.98665138955,91.846863305601,3.194962351294082,3147338.657761625
152.2353742756908,16578.95932732533,-21783.660630967395,92.11225062128423,3.8129441602195744,905437.2785187963
317.3305953070368,24041.089501513667,-11022.489428137458,99.5961023302816,-0.08129109360159958,1591049.0449655834
443.487114613663,40490.72947431443,-4430.662126238265,91.59149261908931,-4.533278293939816,660855.6648953076
189.032453259097,0.0,746.3223649505562,99.2109938235879,3.2869123207545368,3555936.2108340478
236.81814960436816,0.0,-17835.566278247017,77.98699577666231,-5.221847156761704,346614.4921588713
235.3067578095041,32595.908100461267,-17617.521859681972,90.96538269744562,4.854013019950731,5288443.235934203
159.16668369611511,9201.69738493552,-17031.03905719244,86.20685396012813,-4.645076583938419,697896.6146948959
240.00874217088594,12472.029457345003,-3349.7450378891845,93.72666367798702,1.6033995095551408,151168.04649220436
81.17436956028051,16316.296126532347,8877.045815360536,82.35815548906528,0.619889394334054,839796.4805480376
227.3239923667801,17047.82502032846,-15741.605768873076,98.6132944227979,6.0804372471191686,344842.5368088487
229.6333603765118,0.0,5247.41732911934,92.75004144859165,3.9599620940773317,1838954.7617102214
259.2421483605466,86886.34041054099,-10069.941209800805,78.94659609555058,2.207112409665913,355796.2885106925
364.21358139436234,19102.92291696729,-13054.107187852576,74.73638963923088,-3.6900979676872296,446501.5824725001
110.12065189983349,5078.76237068051,-13954.76719866195,70.59140351652894,2.97393836265951,100000.0
125.95603134311563,31773.035215433374,1159.0431519519298,70.22766416449345,5.096083163431253,443504.42087183124
156.32889809522618,757.103107807343,-7091.691697739832,78.59621137173457,1.0333317852853998,100000.0
101.68252410287666,3941.541829245726,78594.84872947853,95.97893121545957,-10.2589514260873,127734.20930023855
389.9016783970192,34151.672248905714,-18795.700358139064,82.88586255378317,0.49670733337187833,1683618.8663255693
183.44530696136414,4439.57533749035,-3703.6381524992357,91.50241978536971,3.0198825257718918,1731294.884273585
264.48617833716287,3739.4459950566174,-16702.42077861403,73.06842372371864,0.9915218379233419,1164734.0293887684
147.0868422499953,2229.680558307634,-18890.246475211126,80.65920004337664,5.296447568508066,251783.84552513328
211.50963561917823,0.0,-11770.300058824767,83.36822242998885,-6.3107824011199725,692121.9921133397
326.89521551468346,0.0,-9882.364859241532,84.76414705630492,-6.163292432375762,726531.5634838728
336.81064088318846,0.0,159675.62737106127,85.31811797132356,5.4089580813701446,203984.4086844543
129.9173414610604,4098.1373641910395,-13680.651853302716,88.98504737208921,-5.951686648848293,3812280.528492935
256.0215175840648,21284.76893622468,-20168.85323725956,87.52163050268746,0.9414477657737628,1914751.715351382
148.8666605951329,0.0,-7919.2112546758835,94.95294319846043,-1.3301775894073558,572025.8197620758
249.91559129977333,5622.540619379185,-22935.127074510805,77.70314617687934,2.1174245218335273,751310.5968131776
173.12030170230656,7931.856255475156,-12701.422359916996,93.22694176733367,1.7870503834246296,917328.6543719758
746.6067877378177,3529.955347024376,-11446.192894146017,91.07390269494621,4.466749283565749,100000.0
441.95103395426094,56300.32458520222,2313.6087137008253,87.74406818727101,5.3659628911396045,555767.2548609084
345.945914797216,15560.044978307447,7088.725743631727,74.37355271165332,5.511861035168347,344488.96162743185
223.78491679423152,40895.62943153108,-16508.78530248919,95.81095453247379,-3.9053436818866096,242369.32766018543
449.6791253412263,5422.847527621241,-13333.842746865934,76.78071436569746,1.2655617393527798,535410.8514670973
260.8529430047979,22841.399133811337,-18295.788081276663,99.39298406402368,5.239345062524919,5269548.164389914
702.1061464555862,21777.45390072408,-20159.64327419664,87.87353828344976,1.6515191891341061,1476119.3589845193
476.87030760865775,17648.07160649723,-7342.6871656917865,88.19100303409321,7.23119279347582,389143.3684935227
210.48639747721484,0.0,-20753.828610997643,74.86792969084475,5.295291563732177,1369342.2314672957
